split,filename,path,ground_truth,prediction,base_prediction,confidence,accepted_correction,num_token_corrections,token_events_json,lm_base,lm_candidate,char_distance_lower,word_distance_lower,exact_match
camera_hard,425_185_1.jpg,/kaggle/input/datasets/huyyuh/3500-w/vn_handwritten_images/data/425_185_1.jpg,gì,gì,gì,0.9983571171760559,0,0,[],0.8540972049444966,0.8540972049444966,0,0,1
camera_hard,215_60_1.jpg,/kaggle/input/datasets/huyyuh/3500-w/vn_handwritten_images/data/215_60_1.jpg,tự,tộệ,tộệ,0.9986872673034668,0,0,[],-0.18000000000000002,-0.18000000000000002,2,1,0
camera_hard,706_51_1.jpg,/kaggle/input/datasets/huyyuh/3500-w/vn_handwritten_images/data/706_51_1.jpg,đời,tội,tội,0.9961081743240356,0,0,[],0.6807476195395733,0.6807476195395733,2,1,0
camera_hard,285_177_1.jpg,/kaggle/input/datasets/huyyuh/3500-w/vn_handwritten_images/data/285_177_1.jpg,vị,vị,vị,0.9994915127754211,0,0,[],0.4672828834461906,0.4672828834461906,0,0,1
camera_hard,250_95_1.jpg,/kaggle/input/datasets/huyyuh/3500-w/vn_handwritten_images/data/250_95_1.jpg,là,Lá,Lá,0.9993064999580383,0,0,[],0.16094379124341004,0.16094379124341004,1,1,0
camera_hard,195_128_1.jpg,/kaggle/input/datasets/huyyuh/3500-w/vn_handwritten_images/data/195_128_1.jpg,về,về,về,0.9999178051948547,0,0,[],1.2286556172319687,1.2286556172319687,0,0,1
camera_hard,133_89_1.jpg,/kaggle/input/datasets/huyyuh/3500-w/vn_handwritten_images/data/133_89_1.jpg,có,có,có,0.9998740553855896,0,0,[],1.7142608695713206,1.7142608695713206,0,0,1
camera_hard,140_129_1.jpg,/kaggle/input/datasets/huyyuh/3500-w/vn_handwritten_images/data/140_129_1.jpg,Ấn,Đáp/,Đp/,0.9953466057777405,1,1,"[{""position"": 0, ""base_token"": ""Đp"", ""candidate_token"": ""Đáp"", ""source"": ""model"", ""support_score"": 0.8388033111890157, ""lm_delta"": 0.5917481046012824, ""candidate_score"": 0.8089042744113374}]",-0.18000000000000002,0.41174810460128236,4,1,0
camera_hard,308_76_1.jpg,/kaggle/input/datasets/huyyuh/3500-w/vn_handwritten_images/data/308_76_1.jpg,hè,hè,hè,0.9993912577629089,0,0,[],0.21972245773362198,0.21972245773362198,0,0,1
camera_hard,68_178_1.jpg,/kaggle/input/datasets/huyyuh/3500-w/vn_handwritten_images/data/68_178_1.jpg,cứ,cựi,cựi,0.999749481678009,0,0,[],-0.18000000000000002,-0.18000000000000002,2,1,0
camera_hard,145_46_1.jpg,/kaggle/input/datasets/huyyuh/3500-w/vn_handwritten_images/data/145_46_1.jpg,nói,nói,nói,0.9988492131233215,0,0,[],1.2647062196321255,1.2647062196321255,0,0,1
camera_hard,363_125_1.jpg,/kaggle/input/datasets/huyyuh/3500-w/vn_handwritten_images/data/363_125_1.jpg,bằng,tung,tuộng,0.9948686957359314,1,1,"[{""position"": 0, ""base_token"": ""tuộng"", ""candidate_token"": ""tung"", ""source"": ""lexicon"", ""support_score"": 0.8888888888888888, ""lm_delta"": 0.5818897777956852, ""candidate_score"": 0.7964646171620848}]",0.03836504331851201,0.6202548211141972,2,1,0
camera_hard,271_15_1.jpg,/kaggle/input/datasets/huyyuh/3500-w/vn_handwritten_images/data/271_15_1.jpg,ta,ta,ta,0.9988445043563843,0,0,[],0.8556597367348047,0.8556597367348047,0,0,1
camera_hard,381_7_1.jpg,/kaggle/input/datasets/huyyuh/3500-w/vn_handwritten_images/data/381_7_1.jpg,cái,cái,cái,0.9987871646881104,0,0,[],1.1679390330202861,1.1679390330202861,0,0,1
camera_hard,316_86_1.jpg,/kaggle/input/datasets/huyyuh/3500-w/vn_handwritten_images/data/316_86_1.jpg,vụ,vụ,vụ,0.9989021420478821,0,0,[],1.156957254360523,1.156957254360523,0,0,1
camera_hard,140_78_1.jpg,/kaggle/input/datasets/huyyuh/3500-w/vn_handwritten_images/data/140_78_1.jpg,tại,tại,tại,0.9981245398521423,0,0,[],1.391551949579692,1.391551949579692,0,0,1
camera_hard,248_174_1.jpg,/kaggle/input/datasets/huyyuh/3500-w/vn_handwritten_images/data/248_174_1.jpg,11,tỉt,tỉt,0.9978397488594055,0,0,[],-0.18000000000000002,-0.18000000000000002,3,1,0
camera_hard,363_25_1.jpg,/kaggle/input/datasets/huyyuh/3500-w/vn_handwritten_images/data/363_25_1.jpg,gần,gần,gần,0.9989301562309265,0,0,[],0.9984991708529747,0.9984991708529747,0,0,1
camera_hard,710_223_1.jpg,/kaggle/input/datasets/huyyuh/3500-w/vn_handwritten_images/data/710_223_1.jpg,tiếp,..,..,0.9959504008293152,0,0,[],0.0,0.0,4,1,0
camera_hard,328_212_1.jpg,/kaggle/input/datasets/huyyuh/3500-w/vn_handwritten_images/data/328_212_1.jpg,được,điưc,điưc,0.998318076133728,0,0,[],-0.18000000000000002,-0.18000000000000002,2,1,0
camera_hard,140_166_1.jpg,/kaggle/input/datasets/huyyuh/3500-w/vn_handwritten_images/data/140_166_1.jpg,người,p uầẩỗn nh uyệp đắc,p uầẩỗn nh uyệp đắc,0.9566746354103088,0,0,[],0.16985423378902176,0.16985423378902176,18,5,0
camera_hard,193_246_1.jpg,/kaggle/input/datasets/huyyuh/3500-w/vn_handwritten_images/data/193_246_1.jpg,đã,đãi,đãi,0.9988556504249573,0,0,[],0.3255188156779655,0.3255188156779655,1,1,0
camera_hard,285_238_1.jpg,/kaggle/input/datasets/huyyuh/3500-w/vn_handwritten_images/data/285_238_1.jpg,và,B Đu,B Đu,0.9885638356208801,0,0,[],0.30342127941220554,0.30342127941220554,4,2,0
camera_hard,140_15_1.jpg,/kaggle/input/datasets/huyyuh/3500-w/vn_handwritten_images/data/140_15_1.jpg,tấp,đấp,đấp,0.9996052980422974,0,0,[],-0.18000000000000002,-0.18000000000000002,1,1,0
camera_hard,27_240_2.jpg,/kaggle/input/datasets/huyyuh/3500-w/vn_handwritten_images/data/27_240_2.jpg,Tây,""" Đông",""" Đông",0.9972964525222778,0,0,[],1.2874294380068374,1.2874294380068374,6,2,0
camera_hard,215_32_1.jpg,/kaggle/input/datasets/huyyuh/3500-w/vn_handwritten_images/data/215_32_1.jpg,cọc,cặc,cặc,0.9981921911239624,0,0,[],-0.18000000000000002,-0.18000000000000002,1,1,0
camera_hard,7_137_1.jpg,/kaggle/input/datasets/huyyuh/3500-w/vn_handwritten_images/data/7_137_1.jpg,ngờ.,ngờ.,ngờ.,0.9984525442123413,0,0,[],0.7904272181308357,0.7904272181308357,0,0,1
camera_hard,58_7_1.jpg,/kaggle/input/datasets/huyyuh/3500-w/vn_handwritten_images/data/58_7_1.jpg,hồ,tờn,tờn,0.994239091873169,0,0,[],-0.18000000000000002,-0.18000000000000002,3,1,0
camera_hard,79_111_1.jpg,/kaggle/input/datasets/huyyuh/3500-w/vn_handwritten_images/data/79_111_1.jpg,cụt,cụt,cụt,0.9987753629684448,0,0,[],0.2079441541679836,0.2079441541679836,0,0,1
camera_hard,285_86_1.jpg,/kaggle/input/datasets/huyyuh/3500-w/vn_handwritten_images/data/285_86_1.jpg,thu,: tr1,: tr1,0.9955189824104309,0,0,[],-0.18000000000000002,-0.18000000000000002,4,2,0
camera_hard,55_81_1.jpg,/kaggle/input/datasets/huyyuh/3500-w/vn_handwritten_images/data/55_81_1.jpg,chỉ,tm đ nhung?,tm đ nung?,0.9803205728530884,1,1,"[{""position"": 4, ""base_token"": ""nung"", ""candidate_token"": ""nhung"", ""source"": ""lexicon"", ""support_score"": 0.8888888888888888, ""lm_delta"": 0.2144934724401491, ""candidate_score"": 0.40620411024514186}]",0.14261722320977638,0.3571106956499255,10,3,0
camera_hard,321_197_1.jpg,/kaggle/input/datasets/huyyuh/3500-w/vn_handwritten_images/data/321_197_1.jpg,trình,trình,trnh,0.996502697467804,1,1,"[{""position"": 0, ""base_token"": ""trnh"", ""candidate_token"": ""trình"", ""source"": ""lexicon"", ""support_score"": 0.8888888888888888, ""lm_delta"": 1.8600751052539808, ""candidate_score"": 2.16113804800264}]",-0.18000000000000002,1.6800751052539808,0,0,1
camera_hard,425_74_1.jpg,/kaggle/input/datasets/huyyuh/3500-w/vn_handwritten_images/data/425_74_1.jpg,về,về,về,0.9987112283706665,0,0,[],1.2286556172319687,1.2286556172319687,0,0,1
camera_hard,284_187_1.jpg,/kaggle/input/datasets/huyyuh/3500-w/vn_handwritten_images/data/284_187_1.jpg,năm,tìm,tìm,0.9963268637657166,0,0,[],0.8580461259888242,0.8580461259888242,2,1,0
camera_hard,58_125_1.jpg,/kaggle/input/datasets/huyyuh/3500-w/vn_handwritten_images/data/58_125_1.jpg,niệm,"Đi ở""","Đi ở""",0.9938292503356934,0,0,[],0.7721535913305554,0.7721535913305554,4,2,0
camera_hard,285_25_1.jpg,/kaggle/input/datasets/huyyuh/3500-w/vn_handwritten_images/data/285_25_1.jpg,thu,P,P,0.9966392517089844,0,0,[],0.45643481914678363,0.45643481914678363,3,1,0
camera_hard,516_117_1.jpg,/kaggle/input/datasets/huyyuh/3500-w/vn_handwritten_images/data/516_117_1.jpg,hoặc,6...,6...,0.9951605796813965,0,0,[],0.3102640233438349,0.3102640233438349,4,1,0
camera_hard,316_118_1.jpg,/kaggle/input/datasets/huyyuh/3500-w/vn_handwritten_images/data/316_118_1.jpg,về,tưề,tưề,0.9961827397346497,0,0,[],-0.18000000000000002,-0.18000000000000002,2,1,0
camera_hard,470_177_1.jpg,/kaggle/input/datasets/huyyuh/3500-w/vn_handwritten_images/data/470_177_1.jpg,đề,đề,đề,0.9992295503616333,0,0,[],0.7899446069357626,0.7899446069357626,0,0,1
camera_hard,179_108_1.jpg,/kaggle/input/datasets/huyyuh/3500-w/vn_handwritten_images/data/179_108_1.jpg,kiện,"tiện,","tiệ,",0.9949000477790833,1,1,"[{""position"": 0, ""base_token"": ""tiệ"", ""candidate_token"": ""tiện"", ""source"": ""lexicon"", ""support_score"": 0.8571428571428572, ""lm_delta"": 0.5226088698164411, ""candidate_score"": 0.7361766987095562}]",-0.10675918075545938,0.41584968906098163,2,1,0
camera_hard,320_113_1.jpg,/kaggle/input/datasets/huyyuh/3500-w/vn_handwritten_images/data/320_113_1.jpg,trên,ĐĐ,ĐĐ,0.9932805299758911,0,0,[],-0.18000000000000002,-0.18000000000000002,4,1,0
camera_hard,271_87_1.jpg,/kaggle/input/datasets/huyyuh/3500-w/vn_handwritten_images/data/271_87_1.jpg,triệu,"- đởi,","- đởi,",0.9896929860115051,0,0,[],-0.18000000000000002,-0.18000000000000002,6,2,0
camera_hard,320_172_1.jpg,/kaggle/input/datasets/huyyuh/3500-w/vn_handwritten_images/data/320_172_1.jpg,của,đi đi m,đi đì m,0.9882082343101501,1,1,"[{""position"": 2, ""base_token"": ""đì"", ""candidate_token"": ""đi"", ""source"": ""model"", ""support_score"": 0.8341213464736938, ""lm_delta"": 0.45276771673867433, ""candidate_score"": 0.7545522574597148}]",0.4619707087789444,0.9147384255176187,7,3,0
camera_hard,304_145_1.jpg,/kaggle/input/datasets/huyyuh/3500-w/vn_handwritten_images/data/304_145_1.jpg,Phú,Phú,Phú,0.9986585974693298,0,0,[],1.2526617684881596,1.2526617684881596,0,0,1
camera_hard,140_63_1.jpg,/kaggle/input/datasets/huyyuh/3500-w/vn_handwritten_images/data/140_63_1.jpg,Định,K H un đĩnh,K H un đĩn,0.9794977903366089,1,1,"[{""position"": 6, ""base_token"": ""đĩn"", ""candidate_token"": ""đĩnh"", ""source"": ""model"", ""support_score"": 0.9000609219074249, ""lm_delta"": 0.24431648299765882, ""candidate_score"": 0.4417088675341676}]",0.09396602110502886,0.3382825041026877,8,4,0
camera_hard,519_145_1.jpg,/kaggle/input/datasets/huyyuh/3500-w/vn_handwritten_images/data/519_145_1.jpg,chứng,""" Ở điãn ucc",""" Ở điãn ucc",0.9803350567817688,0,0,[],0.1335988423328687,0.1335988423328687,11,4,0
camera_hard,248_236_1.jpg,/kaggle/input/datasets/huyyuh/3500-w/vn_handwritten_images/data/248_236_1.jpg,ra,ra,ra,0.9981020092964172,0,0,[],1.429042709800671,1.429042709800671,0,0,1
camera_hard,838_201_1.jpg,/kaggle/input/datasets/huyyuh/3500-w/vn_handwritten_images/data/838_201_1.jpg,dù,dù,dù,0.997868537902832,0,0,[],0.5144229347497516,0.5144229347497516,0,0,1
camera_hard,179_78_1.jpg,/kaggle/input/datasets/huyyuh/3500-w/vn_handwritten_images/data/179_78_1.jpg,ra,ta,ta,0.997040867805481,0,0,[],0.8556597367348047,0.8556597367348047,1,1,0
camera_hard,179_199_1.jpg,/kaggle/input/datasets/huyyuh/3500-w/vn_handwritten_images/data/179_199_1.jpg,của,1ĐCAikó,1ĐCAikó,0.9851124286651611,0,0,[],-0.18000000000000002,-0.18000000000000002,6,1,0
camera_hard,27_220_1.jpg,/kaggle/input/datasets/huyyuh/3500-w/vn_handwritten_images/data/27_220_1.jpg,hộ dân không thường trú tại xã Xuân Hải.,c tu hiân đường rng. ầm.,c tu hiân đường rng. ầm.,0.9623781442642212,0,0,[],0.51380376779371,0.51380376779371,28,9,0
camera_hard,486_133_1.jpg,/kaggle/input/datasets/huyyuh/3500-w/vn_handwritten_images/data/486_133_1.jpg,văn,nặng,nặn,0.9964459538459778,1,1,"[{""position"": 0, ""base_token"": ""nặn"", ""candidate_token"": ""nặng"", ""source"": ""model"", ""support_score"": 0.835518479347229, ""lm_delta"": 0.7622999830122553, ""candidate_score"": 0.990647371048894}]",-0.18000000000000002,0.5822999830122553,3,1,0
camera_hard,193_188_1.jpg,/kaggle/input/datasets/huyyuh/3500-w/vn_handwritten_images/data/193_188_1.jpg,ương,tin,tina,0.9921626448631287,1,1,"[{""position"": 0, ""base_token"": ""tina"", ""candidate_token"": ""tin"", ""source"": ""lexicon"", ""support_score"": 0.8571428571428572, ""lm_delta"": 1.1737522190651102, ""candidate_score"": 1.4456973524298846}]",0.026069496890554406,1.1998217159556646,3,1,0
camera_hard,534_223_1.jpg,/kaggle/input/datasets/huyyuh/3500-w/vn_handwritten_images/data/534_223_1.jpg,thêm,Thị Đi,Thị Đi,0.9842522740364075,0,0,[],1.2806800093335728,1.2806800093335728,4,2,0
camera_hard,361_6_1.jpg,/kaggle/input/datasets/huyyuh/3500-w/vn_handwritten_images/data/361_6_1.jpg,ngạt,tgạt,tgạt,0.9935276508331299,0,0,[],-0.13379018796267034,-0.13379018796267034,1,1,0
camera_hard,286_130_1.jpg,/kaggle/input/datasets/huyyuh/3500-w/vn_handwritten_images/data/286_130_1.jpg,xác,đcc,đcc,0.9958507418632507,0,0,[],-0.18000000000000002,-0.18000000000000002,2,1,0
camera_hard,78_143_1.jpg,/kaggle/input/datasets/huyyuh/3500-w/vn_handwritten_images/data/78_143_1.jpg,nguyện,nguyện,nuyện,0.9957119226455688,1,1,"[{""position"": 0, ""base_token"": ""nuyện"", ""candidate_token"": ""nguyện"", ""source"": ""lexicon"", ""support_score"": 0.9090909090909091, ""lm_delta"": 1.0557357270190522, ""candidate_score"": 1.2861641898605631}]",0.15445271636577598,1.2101884433848282,0,0,1
camera_hard,58_169_1.jpg,/kaggle/input/datasets/huyyuh/3500-w/vn_handwritten_images/data/58_169_1.jpg,tiên,Điền,Điền,0.99463951587677,0,0,[],0.7426641313945812,0.7426641313945812,2,1,0
camera_hard,58_54_1.jpg,/kaggle/input/datasets/huyyuh/3500-w/vn_handwritten_images/data/58_54_1.jpg,2004,H ĐộP ưặn g,H ĐộP ưặn g,0.9801667928695679,0,0,[],0.09128362458430535,0.09128362458430535,11,4,0
camera_hard,512_77_1.jpg,/kaggle/input/datasets/huyyuh/3500-w/vn_handwritten_images/data/512_77_1.jpg,HĐXX,ở? 2t sá- xá,ở? 2t sá- xá,0.9815081357955933,0,0,[],0.22360480743634226,0.22360480743634226,11,4,0
camera_hard,55_187_1.jpg,/kaggle/input/datasets/huyyuh/3500-w/vn_handwritten_images/data/55_187_1.jpg,đất nước.,đất nước.,đất nước.,0.9957705140113831,0,0,[],1.5108786294668974,1.5108786294668974,0,0,1
camera_hard,31_106_1.jpg,/kaggle/input/datasets/huyyuh/3500-w/vn_handwritten_images/data/31_106_1.jpg,"trại số 4 đi, vùi lấp anh em.",t0 4 y uâấ u4u..,t0 4 y uâấ u4u..,0.9524799585342407,0,0,[],-0.023933718587742084,-0.023933718587742084,21,7,0
camera_hard,7_11_1.jpg,/kaggle/input/datasets/huyyuh/3500-w/vn_handwritten_images/data/7_11_1.jpg,vụ đông xuân.,vụ dông xuân.,vụ dông xuân.,0.9943408966064453,0,0,[],0.9614581465686969,0.9614581465686969,1,1,0
camera_hard,31_18_1.jpg,/kaggle/input/datasets/huyyuh/3500-w/vn_handwritten_images/data/31_18_1.jpg,đào 5 - 6 m / ngày.,đào 5-6 m / ngày.,đào 5-6 m / ngày.,0.9915584325790405,0,0,[],0.9132590863281579,0.9132590863281579,2,3,0
camera_hard,838_34_1.jpg,/kaggle/input/datasets/huyyuh/3500-w/vn_handwritten_images/data/838_34_1.jpg,container,đa hể f k tọ S8. ? ra.,đa hể f k tọ S8. ? ra.,0.9607377052307129,0,0,[],0.1688313272564726,0.1688313272564726,20,8,0
camera_hard,27_148_1.jpg,/kaggle/input/datasets/huyyuh/3500-w/vn_handwritten_images/data/27_148_1.jpg,Khai Minh.,Khai Minh,Khai Mnh,0.9911596775054932,1,1,"[{""position"": 2, ""base_token"": ""Mnh"", ""candidate_token"": ""Minh"", ""source"": ""lexicon"", ""support_score"": 0.8571428571428572, ""lm_delta"": 1.1736198020158928, ""candidate_score"": 1.5057249424664507}]",0.6022014994195077,1.7758213014354005,1,1,0
camera_hard,7_178_1.jpg,/kaggle/input/datasets/huyyuh/3500-w/vn_handwritten_images/data/7_178_1.jpg,vào xe cấp cứu.,vào xe cấp cứu.,vào xe cấp cứu.,0.9984529614448547,0,0,[],1.5311238135726417,1.5311238135726417,0,0,1
camera_hard,7_29_1.jpg,/kaggle/input/datasets/huyyuh/3500-w/vn_handwritten_images/data/7_29_1.jpg,được về nước làm việc.,về nước làm việc.,về nước làm việc.,0.9934765696525574,0,0,[],1.5824356135710187,1.5824356135710187,5,1,0
camera_hard,7_172_1.jpg,/kaggle/input/datasets/huyyuh/3500-w/vn_handwritten_images/data/7_172_1.jpg,quên thân vì xã hội.,quân thôn về xã hội,quân thôn về xã hội,0.9954129457473755,0,0,[],1.3426823527862677,1.3426823527862677,4,4,0
camera_hard,7_227_1.jpg,/kaggle/input/datasets/huyyuh/3500-w/vn_handwritten_images/data/7_227_1.jpg,tưới vào cuối vụ đông xuân.,Tưới Xào cuối Vụ đông xuồn,Tưới Xào cuối Vụ đông xuồn,0.9817968010902405,0,0,[],0.7637098946375096,0.7637098946375096,3,2,0
camera_hard,27_111_1.jpg,/kaggle/input/datasets/huyyuh/3500-w/vn_handwritten_images/data/27_111_1.jpg,không dưới tiền triệu.,không dưới tiền triệu,không dưới tiền triệu,0.9911685585975647,0,0,[],1.6028448294893565,1.6028448294893565,1,1,0
camera_hard,31_15_1.jpg,/kaggle/input/datasets/huyyuh/3500-w/vn_handwritten_images/data/31_15_1.jpg,hạng sang và cả quan chức nhà nước.,"hạng "" sang và cả quan chức nhỏ","hạng "" sang và cả quan chức nhỏ",0.9886797070503235,0,0,[],1.2315252416280087,1.2315252416280087,9,3,0
camera_hard,27_7_1.jpg,/kaggle/input/datasets/huyyuh/3500-w/vn_handwritten_images/data/27_7_1.jpg,"cuộc "" tiến công "" ra cồn Giá.","cuc "" hếi Đang "" : ra Cộn Giá.","cuc "" hếi Đng "" : ra Cộn Giá.",0.9814140796661377,1,1,"[{""position"": 6, ""base_token"": ""Đng"", ""candidate_token"": ""Đang"", ""source"": ""lexicon"", ""support_score"": 0.8571428571428572, ""lm_delta"": 0.21556893486750717, ""candidate_score"": 0.5068888639633778}]",0.2605625143483285,0.47613144921583567,9,5,0
camera_hard,7_74_1.jpg,/kaggle/input/datasets/huyyuh/3500-w/vn_handwritten_images/data/7_74_1.jpg,đã được đưa về thị trấn này.,đã được đưa về thị trấn này.,đã được đưa về thị trấn này.,0.9956259727478027,0,0,[],1.6895352637722751,1.6895352637722751,0,0,1
camera_hard,27_211_1.jpg,/kaggle/input/datasets/huyyuh/3500-w/vn_handwritten_images/data/27_211_1.jpg,"phụ xế tất bật chạy đến trình "" giấy "".","phụ xế tất bật chạy đến trình "" giấy "".","phụ xế tất bật chạy đến trình "" giấy "".",0.9892626404762268,0,0,[],1.1889856416131184,1.1889856416131184,0,0,1
camera_hard,7_246_1.jpg,/kaggle/input/datasets/huyyuh/3500-w/vn_handwritten_images/data/7_246_1.jpg,"trường hợp "" không nhờ cấp cứu đã... "".","trường hợp "" không nhờ cấp cứu đã... "".","trường hợp "" không nhờ cấp cứu đã... "".",0.98964524269104,0,0,[],1.6227816593740911,1.6227816593740911,0,0,1
camera_hard,7_237_1.jpg,/kaggle/input/datasets/huyyuh/3500-w/vn_handwritten_images/data/7_237_1.jpg,"những mô hình thành công và chưa thành công, chỉ rõ những cách tiếp","thỗng mơ lành thành công và dưa thành công, chi só những cách tếp","thỗng mơ lành thành công và dưa thành công, chi só những cách tếp",0.9665340781211853,0,0,[],1.2730010181816092,1.2730010181816092,11,7,0
camera_hard,27_79_1.jpg,/kaggle/input/datasets/huyyuh/3500-w/vn_handwritten_images/data/27_79_1.jpg,... ăn cho khỏi chết đói.,... ăn cho khỏi chết đói.,... ăn cho khỏi chết đóni.,0.9841932058334351,1,1,"[{""position"": 12, ""base_token"": ""đóni"", ""candidate_token"": ""đói"", ""source"": ""lexicon"", ""support_score"": 0.8571428571428572, ""lm_delta"": 0.20475609946309725, ""candidate_score"": 0.4353634494843905}]",0.9629993312238105,1.1677554306869078,0,0,1
camera_hard,7_24_1.jpg,/kaggle/input/datasets/huyyuh/3500-w/vn_handwritten_images/data/7_24_1.jpg,đang vô tư đứng bên cửa sổ nhìn xuống sông Hàn...,tang vô tư đứng bên cửa sẽ nhìn xuống sông Hà...,tang vô tư đứng bên cửa sẽ nhìn xuống sông Hà...,0.9738032221794128,0,0,[],1.0574210967654636,1.0574210967654636,3,3,0
camera_hard,7_142_1.jpg,/kaggle/input/datasets/huyyuh/3500-w/vn_handwritten_images/data/7_142_1.jpg,tì này làm thành nghĩa địa Từ Thiện.,Ti này làm thành nghĩa địa tù thuận.,Ti này làm thành nghĩa địa tù thuận.,0.9901351928710938,0,0,[],1.3983788899107572,1.3983788899107572,4,3,0
camera_hard,7_244_1.jpg,/kaggle/input/datasets/huyyuh/3500-w/vn_handwritten_images/data/7_244_1.jpg,quyền ký hợp đồng tín dụng nhận vốn vay.,quyền ký hợp đông tín dụng nhận vốn vay,quyền ký hợp đông tín dụng nhận vốn vay,0.9895148277282715,0,0,[],1.3303557316054653,1.3303557316054653,2,2,0
camera_hard,7_183_1.jpg,/kaggle/input/datasets/huyyuh/3500-w/vn_handwritten_images/data/7_183_1.jpg,khách sạn Ngọc Vân 2 thì vẫn yên vị?,"xhơn V90c Vân & a. "". Vền vị.","xhơn V90c Vân & a. "". Vền vị.",0.9697838425636292,0,0,[],0.27587942836601054,0.27587942836601054,20,8,0
camera_hard,7_247_1.jpg,/kaggle/input/datasets/huyyuh/3500-w/vn_handwritten_images/data/7_247_1.jpg,trên 1 triệu km2 (gấp 3 diện tích đất liền : 1 triệu km2 / 330.000 km2),rên 1 triệu km2 (gấp 3 diện tích đất liền : Nhiện m2 HSĐVVNnh),rên 1 triệu km2 (gấp 3 diện tích đất liền : Nhiện m2 HSĐVVNnh),0.952107846736908,0,0,[],0.905053657837922,0.905053657837922,20,7,0
camera_hard,27_35_1.jpg,/kaggle/input/datasets/huyyuh/3500-w/vn_handwritten_images/data/27_35_1.jpg,"các kỳ thi, và cũng là bản chất của thành công.","các kỳ thi, và cũng là bản chắt của thành cônh.","các kỳ thi, và cũng là bản chắt của thành cônh.",0.9869267344474792,0,0,[],1.4307246661948396,1.4307246661948396,2,2,0
camera_hard,7_141_1.jpg,/kaggle/input/datasets/huyyuh/3500-w/vn_handwritten_images/data/7_141_1.jpg,điều này không chỉ gây khó khăn cho chủ đầu tư mà cả người dân,iều này không chỉ gây khó Văn cho chu đầu tư mà cả người ở,iều này không chỉ gây khó Văn cho chu đầu tư mà cả người ở,0.9797927141189575,0,0,[],1.3106233840669275,1.3106233840669275,7,4,0
camera_hard,31_34_1.jpg,/kaggle/input/datasets/huyyuh/3500-w/vn_handwritten_images/data/31_34_1.jpg,"Trong khi đó, tại khu vực trạm thu phí do bị vướng giải tỏa",THh à đm 7 Xội Kiu vực trạm thu phí do bị vướng giải trả,THh à đm 7 Xội Kiu vực trạm thu phí do bị vướng giải trả,0.9586904048919678,0,0,[],0.7918896854107693,0.7918896854107693,15,7,0
camera_hard,31_38_1.jpg,/kaggle/input/datasets/huyyuh/3500-w/vn_handwritten_images/data/31_38_1.jpg,"việc tốt. Chuyên môn hóa là xu hướng của phát triển, việc tốt cũng chuyên",", vê sốt.... . "" Ni"". ớ. "" là xae huỡng của phát triển, vic tốt cũng chuyên",", vê sốt.... . "" Ni"". ớ. "" là xae huỡng của phát triển, vic tốt cũng chuyên",0.9513881802558899,0,0,[],0.7493800140630538,0.7493800140630538,25,11,0
camera_hard,27_238_1.jpg,/kaggle/input/datasets/huyyuh/3500-w/vn_handwritten_images/data/27_238_1.jpg,trưởng GDP trên địa bàn TP đạt 12% năm 2004 và trên 12% năm,"thưởng GDP trôn địa bàn TP đại 12), năm 2004 và tiên lở) năm","thưởng GDP trôn địa bàn TP đại 12), năm 2004 và tiên lở) năm",0.9797659516334534,0,0,[],0.9650503422791594,0.9650503422791594,9,6,0
camera_hard,27_141_1.jpg,/kaggle/input/datasets/huyyuh/3500-w/vn_handwritten_images/data/27_141_1.jpg,"tình thế và đột xuất, nhưng Cienco 5 đã không đưa ra các phương",""" thế và đột xuất, nhưng qunno 5 đà không đưa ra các phu",""" thế và đột xuất, nhưng qunno 5 đà không đưa ra các phu",0.9830702543258667,0,0,[],1.1349854001615873,1.1349854001615873,13,4,0
camera_hard,27_162_1.jpg,/kaggle/input/datasets/huyyuh/3500-w/vn_handwritten_images/data/27_162_1.jpg,ký quyền sử dụng đất không phải là một bộ phận hành chính mà là một tổ,"..1. đử. . Ng đết tưhờ g c ""ặ Lệ một SợPhện ịạnh chình mà lạ một, v ""","..1. đử. . Ng đết tưhờ g c ""ặ Lệ một SợPhện ịạnh chình mà lạ một, v """,0.9211664199829102,0,0,[],0.3254089031333789,0.3254089031333789,34,18,0
camera_hard,7_223_1.jpg,/kaggle/input/datasets/huyyuh/3500-w/vn_handwritten_images/data/7_223_1.jpg,lên cầu thang và đi vào bên trong phòng xử rất nhanh để tránh ống kính,lên cầu thang và đi váo biên trong phòng xử sất nhanh độ tránh ống kính,lên cầu thang và đi váo biên trong phòng xử sất nhanh độ tránh ống kính,0.9747070670127869,0,0,[],1.116496440090366,1.116496440090366,4,4,0
camera_hard,27_110_1.jpg,/kaggle/input/datasets/huyyuh/3500-w/vn_handwritten_images/data/27_110_1.jpg,"Trại hòm đó để chứa hòm thí, lúc nào hòm cũng chất đầy, người cho gỗ, kẻ ra","Trại. hàm đó để chữa "" hòm thí, búc nào hàm cũng chắt đầy, người cho gỡ, kẻm","Trại. hàm đó để chữa "" hòm thí, búc nào hàm cũng chắt đầy, người cho gỡ, kẻm",0.9706491827964783,0,0,[],0.7944870938359003,0.7944870938359003,12,10,0
camera_hard,55_141_1.jpg,/kaggle/input/datasets/huyyuh/3500-w/vn_handwritten_images/data/55_141_1.jpg,tuyến đường. Khi gần qua trạm kiểm soát với bốn làn lưu thông,tuyến đường. Khi gòa. qua tram kiển soát với...,tuyến đường. Khi gòa. qua tram kiển soát với...,0.9792789220809937,0,0,[],0.9283546148546685,0.9283546148546685,23,8,0
camera_hard,31_238_1.jpg,/kaggle/input/datasets/huyyuh/3500-w/vn_handwritten_images/data/31_238_1.jpg,các nguồn vốn cho ngân sách. Tổng kết quá trình cổ phần hóa doanh,các nguồn vốn cho ngân sách. Tổng kết quá trnh cổ phần hóa doanh,các nguồn vốn cho ngân sách. Tổng kết quá trnh cổ phần hóa doanh,0.9872156381607056,0,0,[],1.2024909856071957,1.2024909856071957,1,1,0
camera_hard,31_80_1.jpg,/kaggle/input/datasets/huyyuh/3500-w/vn_handwritten_images/data/31_80_1.jpg,đã phê duyệt chương trình dạy tiếng Việt cho NVƠNN.,đã phê duyệt chương trình dạy tiếng Việt cho NVƠNN.,đã phê duyệt chương trình dạy tiếng Việt cho NVƠNN.,0.9893926978111267,0,0,[],1.302297722670703,1.302297722670703,0,0,1
camera_hard,7_103_1.jpg,/kaggle/input/datasets/huyyuh/3500-w/vn_handwritten_images/data/7_103_1.jpg,"trung tâm thị trấn du lịch Cát Bà... Bắt "" cá "" ở trên trời.","trung lâm thi trến, du lịch Cát, Rồng. Bắt "" cá "" ở trên trà.","trung lâm thi trến, du lịch Cát, Rồng. Bắt "" cá "" ở trên trà.",0.966538667678833,0,0,[],0.9526403849858891,0.9526403849858891,11,6,0
camera_hard,7_147_1.jpg,/kaggle/input/datasets/huyyuh/3500-w/vn_handwritten_images/data/7_147_1.jpg,cứu. Buổi sáng 10 - 11 - 2003 tôi ngồi ở phòng cấp cứu 115 của Bệnh viện Trưng Vương.,cứu. Duối súng 10 - 11 - 2003 tã ngàiở phòng cấc cứu 115 của Bệnh viện Truong Vơng.,cứu. Duối súng 10 - 11 - 2003 tã ngàiở phòng cấc cứu 115 của Bệnh viện Truong Vơng.,0.9617233872413635,0,0,[],0.7298498261058748,0.7298498261058748,11,8,0
camera_hard,7_254_1.jpg,/kaggle/input/datasets/huyyuh/3500-w/vn_handwritten_images/data/7_254_1.jpg,diện tích trên 1 triệu km2 (gấp 3 diện tích đất liền : 1 triệu km2 /,ện tích trên 1 ciệu km2 lgắp 3 ding tích đư liền : Xiiện sưi),ện tích trên 1 ciệu km2 lgắp 3 ding tích đư liền : Xiiện sưi),0.9675346612930298,0,0,[],0.47071212454262634,0.47071212454262634,20,9,0
camera_hard,27_124_1.jpg,/kaggle/input/datasets/huyyuh/3500-w/vn_handwritten_images/data/27_124_1.jpg,"thân. Thật là khủng khiếp! "" Nhất nhật tại tù... "" : bệnh tật, roi mây,","thân Thật là Hông khiếp !"" Nhất 1ạ 0 1Bêh Lại Toa nấy","thân Thật là Hông khiếp !"" Nhất 1ạ 0 1Bêh Lại Toa nấy",0.9492472410202026,0,0,[],0.6718432826464177,0.6718432826464177,32,13,0
camera_hard,27_33_1.jpg,/kaggle/input/datasets/huyyuh/3500-w/vn_handwritten_images/data/27_33_1.jpg,trường hợp thuộc thẩm quyền quyết định của UBND cấp huyện là,trường hợp thuộc thẩm quyềi quyết đnh của UND đp nuyện là,trường hợp thuộc thẩm quyềi quyết đnh của UND đp nuyện là,0.9751272201538086,0,0,[],0.9533214498432495,0.9533214498432495,6,5,0
camera_hard,7_160_1.jpg,/kaggle/input/datasets/huyyuh/3500-w/vn_handwritten_images/data/7_160_1.jpg,"người thợ lặng người. Phía trước, hai mũi khoan chủ lực của đội khoan số 1 (Công ty","ng un thị lặng người. Pho trát, hra nữun khm chủ lực của đi khoan số 1(Công","ng un thị lặng người. Pho trát, hra nữun khm chủ lực của đi khoan số 1(Công",0.9423009753227234,0,0,[],0.7600703643538471,0.7600703643538471,23,12,0
camera_hard,31_63_1.jpg,/kaggle/input/datasets/huyyuh/3500-w/vn_handwritten_images/data/31_63_1.jpg,báo của Phòng Tài chính - kế hoạch huyện Sông Cầu về việc trả lại tiền sử,của Phòng Tài chinh - kế hoạch huyện Sòng Cấu về việc trả lại tiền sử,của Phòng Tài chinh - kế hoạch huyện Sòng Cấu về việc trả lại tiền sử,0.9810954332351685,0,0,[],1.2665916674203754,1.2665916674203754,7,4,0
camera_hard,193_2.jpg,/kaggle/input/datasets/huyyuh/3500-w/vn_handwritten_images/data/193_2.jpg,611/4e Phan Đình Phùng P2 Thành Phố Đà Lạt Lâm Đồng,521/Ae Phan Trình Phùng P2 Thành Thố Đà Tạt Tâm Đồng Y,521/Ae Phan Trình Phùng P2 Thành Thố Đà Tạt Tâm Đồng Y,0.9785264730453491,0,0,[],0.9718095496032935,0.9718095496032935,10,6,0
camera_hard,7_40_1.jpg,/kaggle/input/datasets/huyyuh/3500-w/vn_handwritten_images/data/7_40_1.jpg,Giải pháp tạm thời này nhằm gỡ thế bí câu thúc về tiến độ cho nhà đầu tư,Gtẻ phít tạn Hời nàg nhằm gỡ thế bí câu thác về tiếh bị ău xửa đi tổi,Gtẻ phít tạn Hời nàg nhằm gỡ thế bí câu thác về tiếh bị ău xửa đi tổi,0.9616407155990601,0,0,[],0.4065505212000926,0.4065505212000926,22,12,0
camera_hard,31_203_1.jpg,/kaggle/input/datasets/huyyuh/3500-w/vn_handwritten_images/data/31_203_1.jpg,""" nổi tiếng "" về chặn xe tại khu vực km 95 quốc lộ 20, địa bàn La Ngà,","ác nối tếng "" về chân xe tự khu D. %0 5quối lộ 20, địạ bàn La ngện","ác nối tếng "" về chân xe tự khu D. %0 5quối lộ 20, địạ bàn La ngện",0.9562641978263855,0,0,[],0.5763299380064587,0.5763299380064587,18,11,0
camera_hard,7_226_1.jpg,/kaggle/input/datasets/huyyuh/3500-w/vn_handwritten_images/data/7_226_1.jpg,công nhân đứng ra tố cáo tiêu cực ở đường liên cảng A5 ngày xưa,Công nhân đứng ra tố cáo tiêu cực ở đường tiên cng H5 ngày rưa,Công nhân đứng ra tố cáo tiêu cực ở đường tiên cng H5 ngày rưa,0.975180447101593,0,0,[],1.1961280544746566,1.1961280544746566,4,4,0
camera_hard,27_161_1.jpg,/kaggle/input/datasets/huyyuh/3500-w/vn_handwritten_images/data/27_161_1.jpg,"rộng thùng thình, gần 50 công nhân, người đứng nhìn những bạn bè","rộng thùng thinh, gần 50.... "" nhân, người đứng nhìn những bạn","rộng thùng thinh, gần 50.... "" nhân, người đứng nhìn những bạn",0.9808533191680908,0,0,[],1.320722605785319,1.320722605785319,10,4,0
camera_hard,7_117_1.jpg,/kaggle/input/datasets/huyyuh/3500-w/vn_handwritten_images/data/7_117_1.jpg,bên trong phòng xử rất nhanh để tránh ống kính máy ảnh của các phóng,"vên trong phòng xứ rất nhanh để tránh ống kính máy ảnh của các phón,","vên trong phòng xứ rất nhanh để tránh ống kính máy ảnh của các phón,",0.978187084197998,0,0,[],1.1149346992252165,1.1149346992252165,3,3,0
camera_hard,27_120_1.jpg,/kaggle/input/datasets/huyyuh/3500-w/vn_handwritten_images/data/27_120_1.jpg,"xe lửa đang qua khu vực này. Trong khi đó, tại khu vực trạm thu phí do","Lom 2? Đaa Kha vực Tn Bong khiđc, trá đoợt tan tháa pá tờ","Lom 2? Đaa Kha vực Tn Bong khiđc, trá đoợt tan tháa pá tờ",0.9390250444412231,0,0,[],0.2512271515927515,0.2512271515927515,38,16,0
camera_hard,7_214_1.jpg,/kaggle/input/datasets/huyyuh/3500-w/vn_handwritten_images/data/7_214_1.jpg,triệu km2 (gấp 3 diện tích đất liền : 1 triệu km2 / 330.000 km2).,triệu km2 (gấp 3 diện tích đất liền : 1 triệu km2 / 330.000 km2).,triệu km2 (gấp 3 diện tích đất liền : 1 triệu km2 / 330.000 km2).,0.9856796860694885,0,0,[],1.221178817085126,1.221178817085126,0,0,1
camera_hard,7_164_1.jpg,/kaggle/input/datasets/huyyuh/3500-w/vn_handwritten_images/data/7_164_1.jpg,"tháng 8 - 2003, thời hạn 36 tháng với loại công việc là công nhân xây dựng.","84o004 -03, thời hạn 36 tháng với loại công việc là công nhân xây dựng.","84o004 -03, thời hạn 36 tháng với loại công việc là công nhân xây dựng.",0.9642269015312195,0,0,[],1.3437945141264618,1.3437945141264618,10,4,0
camera_hard,7_116_1.jpg,/kaggle/input/datasets/huyyuh/3500-w/vn_handwritten_images/data/7_116_1.jpg,Và 115 đã trở thành số điện thoại đáng tin cậy của nhiều người...,và 11ý đã trở thành số điện thoại đáng tin cậy của nhiều người...,và 11ý đã trở thành số điện thoại đáng tin cậy của nhiều người...,0.9803860783576965,0,0,[],1.4437852633442465,1.4437852633442465,1,1,0
camera_hard,195_24.jpg,/kaggle/input/datasets/huyyuh/3500-w/vn_handwritten_images/data/195_24.jpg,Tổ Kha Lâm 4 Nam Sơn Kiến An Hải Phòng,2ử L Đưne Ex Lu R Hna,2ử L Đưne Ex Lu R Hna,0.9658122658729553,0,0,[],-0.051664015164912716,-0.051664015164912716,28,10,0
camera_hard,31_168_1.jpg,/kaggle/input/datasets/huyyuh/3500-w/vn_handwritten_images/data/31_168_1.jpg,Trị những ngày tháng ấy mới thấy những dòng nhật ký của,Tri nhưng. Ngày Thàng ấy nới thấy những dòng nhật ký của,Tri nhưng. Ngày Thàng ấy nới thấy những dòng nhật ký của,0.9769853353500366,0,0,[],1.223775047848013,1.223775047848013,5,4,0
camera_hard,31_148_1.jpg,/kaggle/input/datasets/huyyuh/3500-w/vn_handwritten_images/data/31_148_1.jpg,giấy tờ chưa tìm được chủ. Lại có nhiều giấy tờ bị những chủ nhân từ chối nhận,"uyênm vô vưla tìm được Qưu. Lại ""0 nhiều giề tô bị những chủ nhân từ chối nhận","uyênm vô vưla tìm được Qưu. Lại ""0 nhiều giề tô bị những chủ nhân từ chối nhận",0.9566541314125061,0,0,[],0.9598048359168254,0.9598048359168254,18,7,0
camera_hard,27_169_1.jpg,/kaggle/input/datasets/huyyuh/3500-w/vn_handwritten_images/data/27_169_1.jpg,"thọc huyết, làm sạch lông cất trong tủ lạnh, ở đây còn nuôi sống các con","huyết, làm sạch lông cất trong tủ lạnh, ở đây còn nưa sống cácc","huyết, làm sạch lông cất trong tủ lạnh, ở đây còn nưa sống cácc",0.975866436958313,0,0,[],1.044848164825661,1.044848164825661,11,4,0
camera_hard,27_38_1.jpg,/kaggle/input/datasets/huyyuh/3500-w/vn_handwritten_images/data/27_38_1.jpg,người nhặt được đấy là gì. Tờ bướm Công ty Khai Minh phân phát để quảng,giười nhặt đượợc điấy rờ gì tờ baơm Công ty Khai Minh phân phát để quảng,giười nhặt đượợc điấy rờ gì tờ baơm Công ty Khai Minh phân phát để quảng,0.9710949063301086,0,0,[],0.9682004491015554,0.9682004491015554,9,6,0
camera_hard,193_7.jpg,/kaggle/input/datasets/huyyuh/3500-w/vn_handwritten_images/data/193_7.jpg,Cụm 1 Tdp Hải Lộc Thị Trấn Cát Hải Cát Hải Hải Phòng,Cụm 1 Tdp Hải Lộc Thị Trấn Cát Hải Cát Hải Hải Phòng,Cụm 1 Tdp Hải Lộc Thị Trấn Cát Hải Cát Hải Hải Phòng,0.9898414015769958,0,0,[],1.377077178430931,1.377077178430931,0,0,1
camera_hard,27_69_1.jpg,/kaggle/input/datasets/huyyuh/3500-w/vn_handwritten_images/data/27_69_1.jpg,Quan trọng là họ đã nỗ lực hết sức để khẳng định mình. Đó là ý,"Quan ng, t lọ đc suố lực nấyh xé tổ? Pí vỡ N","Quan ng, t lọ đc suố lực nấyh xé tổ? Pí vỡ N",0.9616525173187256,0,0,[],0.3089412000472431,0.3089412000472431,40,14,0
camera_hard,195_3.jpg,/kaggle/input/datasets/huyyuh/3500-w/vn_handwritten_images/data/195_3.jpg,Kp Phan Bội Châu Thị Trấn Dầu Giây Thống Nhất Đồng Nai,đãẩHDon Kinh nhưà Rn Đn Đưưnoà nẩà ận Pnhakha,đãẩHDon Knh nhưà Rn Đn Đưưnoà nẩà ận Pnhakha,0.8765952587127686,1,1,"[{""position"": 2, ""base_token"": ""Knh"", ""candidate_token"": ""Kinh"", ""source"": ""lexicon"", ""support_score"": 0.8571428571428572, ""lm_delta"": 0.19059029121784826, ""candidate_score"": 0.4757723945416266}]",-0.1311329520525649,0.059457339165283354,41,12,0
camera_hard,31_215_1.jpg,/kaggle/input/datasets/huyyuh/3500-w/vn_handwritten_images/data/31_215_1.jpg,"Anh Đoàn Văn Hiếu, bí thư kiêm chủ tịch xã Thạnh Mỹ Tây, rất tâm đắc với","Anh Đoàn Văn Hiếu bí thư Bun chủ tịch xã Thạnh Mỹ Tây, rất tâm đắc với","Anh Đoàn Văn Hiếu bí thư Bun chủ tịch xã Thạnh Mỹ Tây, rất tâm đắc với",0.9797223210334778,0,0,[],1.1523889046877323,1.1523889046877323,5,2,0
camera_hard,31_71_1.jpg,/kaggle/input/datasets/huyyuh/3500-w/vn_handwritten_images/data/31_71_1.jpg,"của VN, có thể là ngay tại Sea Games tới. Nhóm giải pháp cuối cùng","xua ""Nn á thể tà ngay tạt vnng Trặnhc tới. Nhóm Đả pháp cuới, ưy","xua ""Nn á thể tà ngay tạt vnng Trặnhc tới. Nhóm Đả pháp cuới, ưy",0.9582103490829468,0,0,[],0.38982854799901695,0.38982854799901695,27,10,0
camera_hard,195_7.jpg,/kaggle/input/datasets/huyyuh/3500-w/vn_handwritten_images/data/195_7.jpg,Ấp Tân Điền Giục Tượng Châu Thành Kiên Giang,Pôn Khuêng Kaan Nht Tgyêg Phúy Thuợtc Tuàn Kư ng Q4 an,Pôn Khuêng Kaan Nht Tgyêg Phúy Thuợtc Tuàn Kư ng Q4 an,0.9212379455566406,0,0,[],0.045259965380200134,0.045259965380200134,36,12,0
camera_hard,31_169_1.jpg,/kaggle/input/datasets/huyyuh/3500-w/vn_handwritten_images/data/31_169_1.jpg,"thị trấn, người chủ quán có hàng ria mép trở về cho biết có cái đùi heo rừng","v Trển, người Đảu quản có hàng rưa múp trở vìc "" trính có áic trai heo rừng","v Trển, người Đảu quản có hàng rưa múp trở vìc "" trính có áic trai heo rừng",0.9564156532287598,0,0,[],0.6683244126655616,0.6683244126655616,24,11,0
camera_hard,193_9.jpg,/kaggle/input/datasets/huyyuh/3500-w/vn_handwritten_images/data/193_9.jpg,Yên Sơn Thành Phố Tam Điệp Ninh Bình,nưền Sờn Thanh Phố Tâm Điệp Ninh Bình,nưền Sờn Thãnh Phố Tâm Điệp Ninh Bình,0.9777615070343018,1,1,"[{""position"": 4, ""base_token"": ""Thãnh"", ""candidate_token"": ""Thanh"", ""source"": ""model"", ""support_score"": 0.9168230533599854, ""lm_delta"": 0.28719333796955127, ""candidate_score"": 0.6118665347247343}]",0.9182248632842038,1.205418201253755,6,4,0
camera_hard,27_174_1.jpg,/kaggle/input/datasets/huyyuh/3500-w/vn_handwritten_images/data/27_174_1.jpg,"với số lượng lớn thì ông Ba lại chỉ sang các đầu nậu ở Lâm Đồng,","với số lượng lớn thì ông Ba lại chỉ sang các đầu nậu ở Lâm công,","với số lượng lớn thì ông Ba lại chỉ sang các đầu nậu ở Lâm công,",0.9828824400901794,0,0,[],1.3700832961699128,1.3700832961699128,2,1,0
camera_hard,27_194_1.jpg,/kaggle/input/datasets/huyyuh/3500-w/vn_handwritten_images/data/27_194_1.jpg,đơn từ con và coi như anh Đại không có trên cuộc đời này. Chỉ tay,ươm từ con có..m trn Đại không có tren cuộc đời này. Chỉ,ươm từ con có..m trn Đại không có tren cuộc đời này. Chỉ,0.9787378907203674,0,0,[],1.0739758017535694,1.0739758017535694,19,7,0
camera_hard,271_21.jpg,/kaggle/input/datasets/huyyuh/3500-w/vn_handwritten_images/data/271_21.jpg,Tổ 66 Hoà An Cẩm Lệ Đà Nẵng,ổ 55 Nnà Đ Đần Tề Đà Nẵngn h a. a100,ổ 55 Nnà Đ Đần Tề Đà Nẵngn h a. a100,0.9325435757637024,0,0,[],0.2815861703150484,0.2815861703150484,23,10,0
camera_hard,7_208_1.jpg,/kaggle/input/datasets/huyyuh/3500-w/vn_handwritten_images/data/7_208_1.jpg,Đang lặn thì máy nén khí bị hỏng. Năm phút sau thấy bay thợ nổi lên nhưng anh,Bạng......... cạ..2 kếc bị vảng. V. phứ sao thấy à vạ . đị rố. 20... ch,Bạng......... cạ..2 kếc bị vảng. V. phứ sao thấy à vạ . đị rố. 20... ch,0.9310013055801392,0,0,[],0.23281687705186951,0.23281687705186951,48,17,0
camera_hard,27_40_1.jpg,/kaggle/input/datasets/huyyuh/3500-w/vn_handwritten_images/data/27_40_1.jpg,"Tuy nhiên, khi thuận cho thu phí, HĐND cũng có cảnh báo trước : phải xem xét kỹ vì đây",2 ỗuê u B2 n imĐ Yệ Mn Nhycnh Ph Dn HĐn đ Đã ĐXn Đồn gìn ĩ n n Đu nh n n uấn HĐồần gồn ngiuĐn Đn Đã nhưẩn Tã nà Đi nN ãng ẩn ịc,2 ỗuê u B2 n imĐ Yệ Mn Nhycnh Ph Dn HĐn đ Đã ĐXn Đồn gìn ĩ n n Đu nh n n uấn HĐồần gồn ngiuĐn Đn Đã nhưẩn Tã nà Đi nN ãng ẩn ịc,0.6864975690841675,0,0,[],0.15047010175637782,0.15047010175637782,96,38,0
camera_hard,27_160_1.jpg,/kaggle/input/datasets/huyyuh/3500-w/vn_handwritten_images/data/27_160_1.jpg,lâu lại phun nước ra như mưa. Tiếng ồn từ máy khoan lẫn bụi đá đã khiến,Loa lại phim nước ra như xmuơi. Tếg ầu nừ xg toa đn xc0 đã -à xế,Loa lại phim nước ra như xmuơi. Tếg ầu nừ xg toa đn xc0 đã -à xế,0.9411959052085876,0,0,[],0.3985557453935039,0.3985557453935039,31,13,0
camera_hard,7_128_1.jpg,/kaggle/input/datasets/huyyuh/3500-w/vn_handwritten_images/data/7_128_1.jpg,nông nghiệp gặp khó khăn về nguồn nước tưới vào cuối vụ đông xuân.,"sóng nghiệp gặn, khó khăn về nguồn nước tước vào cuối vụ đông xui","sóng nghiệp gặn, khó khăn về nguồn nước tước vào cuối vụ đông xui",0.9840699434280396,0,0,[],1.1301147640386873,1.1301147640386873,8,4,0
camera_hard,7_91_1.jpg,/kaggle/input/datasets/huyyuh/3500-w/vn_handwritten_images/data/7_91_1.jpg,"(giá thuốc cùng loại ở nước sản xuất, ở các nước trong khu vực) để","giá Khuh ong huu Ở nưa cơn xiếu, ở cai nước trung knhu việ) sả","giá Khuh ong huu Ở nưa cơn xiếu, ở cai nước trung knhu việ) sả",0.9627687335014343,0,0,[],0.5100672966488723,0.5100672966488723,25,12,0
camera_hard,55_177_1.jpg,/kaggle/input/datasets/huyyuh/3500-w/vn_handwritten_images/data/55_177_1.jpg,đảng viên đi vào những chỗ không lành mạnh. Những dư luận liên,đàng viên đi vào những chỗ không làh mệnh. Những dư luên biên,đàng viên đi vào những chỗ không làh mệnh. Những dư luên biên,0.9744355082511902,0,0,[],1.1857416192098036,1.1857416192098036,5,5,0
camera_hard,7_212_1.jpg,/kaggle/input/datasets/huyyuh/3500-w/vn_handwritten_images/data/7_212_1.jpg,Họ lập tức thông báo với người thân và bạn bè đến nộp đơn xin mua đất,"Thọ Rậ đắc Thiếng ưáo với người Đn hỗn s "" ặng Kắc h Sn Kuuh iễm Đnn Tia Đn","Thọ Rậ đắc Thiếng ưáo với người Đn hỗn s "" ặng Kắc h Sn Kuuh iễm Đnn Tia Đn",0.8945342898368835,0,0,[],0.2995686604573096,0.2995686604573096,37,18,0
camera_hard,31_57_1.jpg,/kaggle/input/datasets/huyyuh/3500-w/vn_handwritten_images/data/31_57_1.jpg,"nhá nhem tối, chúng tôi tìm đến nhà người đàn ông tên Đức nằm trên con đường","H.a..đ. ng Tôi tin đếa nhà người đần ông tân Đức.""..9.21 CT.. 97","H.a..đ. ng Tôi tin đếa nhà người đần ông tân Đức.""..9.21 CT.. 97",0.9452912211418152,0,0,[],0.8471792564637541,0.8471792564637541,37,13,0
camera_hard,27_29_1.jpg,/kaggle/input/datasets/huyyuh/3500-w/vn_handwritten_images/data/27_29_1.jpg,"giao lưu, học tiếng Việt, đi tham quan, tìm hiểu văn hóa truyền thống.","xao lhu tọc tếng Viện đó tham quan, tìm tiểm văn hàu tmegồ tờu","xao lhu tọc tếng Viện đó tham quan, tìm tiểm văn hàu tmegồ tờu",0.9578794836997986,0,0,[],0.5653226695524045,0.5653226695524045,23,10,0
camera_hard,271_19.jpg,/kaggle/input/datasets/huyyuh/3500-w/vn_handwritten_images/data/271_19.jpg,Khu Tân Phú Thị Trấn Phú Thái Kim Thành Hải Dương,Béc 2 Piế Xụi Trấn Phú Thái Kim Thành Hải Dương,Béc 2 Piế Xụi Trấn Phú Thái Kim Thành Hải Dương,0.9778364300727844,0,0,[],1.1432129789399852,1.1432129789399852,11,4,0
camera_hard,195_10.jpg,/kaggle/input/datasets/huyyuh/3500-w/vn_handwritten_images/data/195_10.jpg,Khu 4 Trạm Thản Phù Ninh Phú Thọ,ợị 4 Qo a2 fe 2 239 ọ9 cân it 3a a đấ cau tểm 1 hn n ch hunm ả 3ã há t hảnhi a th ta ĩn en ca há xcnm ou a a ma2t m nhưm xaa rmatn m an rạm h aa3 tran ma rnm x m.. . P,ợị 4 Qo a2 fe 2 239 ọ9 cân it 3a a đấ cau tểm 1 hn n ch hunm ả 3ã há t hảnhi a th ta ĩn en ca há xcnm ou a a ma2t m nhưm xaa rmatn m an rạm h aa3 tran ma rnm x m.. . P,0.6817904710769653,0,0,[],0.088465795823225,0.088465795823225,147,52,0
camera_hard,7_233_1.jpg,/kaggle/input/datasets/huyyuh/3500-w/vn_handwritten_images/data/7_233_1.jpg,triệu km2 (gấp 3 diện tích đất liền : 1 triệu km2 / 330.000 km2).,"điện Am Gấ 3 yên xée đấc Mii, Hn Ca2 300000 km)","điện Am Gấ 3 yên xée đấc Mii, Hn Ca2 300000 km)",0.9429978728294373,0,0,[],0.20016986703497552,0.20016986703497552,35,14,0
camera_hard,31_176_1.jpg,/kaggle/input/datasets/huyyuh/3500-w/vn_handwritten_images/data/31_176_1.jpg,bị trúng thực. Cả êkip bị gã say văng tục chửi thề không,bị trúng thực. Cả ekip bị gả say văng tục chửi thề không,bị trúng thực. Cả ekip bị gả say văng tục chửi thề không,0.9833700060844421,0,0,[],0.7617452266399618,0.7617452266399618,2,2,0
camera_hard,79_24.jpg,/kaggle/input/datasets/huyyuh/3500-w/vn_handwritten_images/data/79_24.jpg,Tổ Dân Phố Dộc Tây Mỗ Nam Từ Liêm Hà Nội,Tổ Dân Phố Dộc Tây Hộn Vam Từ Liâm L Tộn,Tổ Dân Phố Dộc Tây Hộn Vam Từ Liâm L Tộn,0.9822441935539246,0,0,[],0.6723928555866134,0.6723928555866134,9,5,0
camera_hard,271_17.jpg,/kaggle/input/datasets/huyyuh/3500-w/vn_handwritten_images/data/271_17.jpg,Thôn 8 Việt Cường Trấn Yên Yên Bái,hôn8 Việt Cường Trấn Yên Yên Rắ,hôn8 Việt Cường Trấn Yên Yêng Rắ,0.9830631017684937,1,1,"[{""position"": 10, ""base_token"": ""Yêng"", ""candidate_token"": ""Yên"", ""source"": ""lexicon"", ""support_score"": 0.8571428571428572, ""lm_delta"": 0.19035041733293534, ""candidate_score"": 0.5021325325366315}]",0.8441965610014204,1.0345469783343557,5,3,0
camera_hard,68_20.jpg,/kaggle/input/datasets/huyyuh/3500-w/vn_handwritten_images/data/68_20.jpg,Duy Xuyên Quảng Nam,Địnng Xuếc Đà Xá N,Địnng Xuếc Đà Xá N,0.9762491583824158,0,0,[],0.28275364862926744,0.28275364862926744,15,5,0
camera_hard,7_176_1.jpg,/kaggle/input/datasets/huyyuh/3500-w/vn_handwritten_images/data/7_176_1.jpg,nhân được cấp cứu hồi sức thì bao nhiêu khó chịu cũng,"trên tược cấy cứu hồi s"" "" . thì kao ""holêu khó chựu cũng","trên tược cấy cứu hồi s"" "" . thì kao ""holêu khó chựu cũng",0.9699852466583252,0,0,[],0.5948693049081328,0.5948693049081328,15,9,0
camera_hard,7_158_1.jpg,/kaggle/input/datasets/huyyuh/3500-w/vn_handwritten_images/data/7_158_1.jpg,"động được thực hiện từ tháng 8 - 2003, thời hạn 36 tháng với loại",động được thực hiện từ tháng 8.2003 thời hạn 36 tháng với loại,động được thực hiện từ tháng 8.2003 thời hạn 36 tháng với loại,0.979693591594696,0,0,[],1.3370254141637439,1.3370254141637439,4,3,0
camera_hard,193_13.jpg,/kaggle/input/datasets/huyyuh/3500-w/vn_handwritten_images/data/193_13.jpg,Trung Thôn Nhị Khê Thường Tín Hà Nội,Xunnh XiN Yăn VĐà Nni,Xunnh XiN Yăn VĐà Nni,0.963726282119751,0,0,[],-0.006754725478575599,-0.006754725478575599,24,8,0
camera_hard,31_240_1.jpg,/kaggle/input/datasets/huyyuh/3500-w/vn_handwritten_images/data/31_240_1.jpg,"dâng lên có chỗ ngập trên 2,5 m, với nhiều gia đình nghèo chỗ cao","dâng Lên có Qỗ gộc vên Kn gin Viêm V Đà nồng"" Tanơà","dâng Lên có Qỗ gộc vên Kn gin Viêm V Đà nồng"" Tanơà",0.9430893659591675,0,0,[],0.318966990242057,0.318966990242057,37,12,0
camera_hard,7_196_1.jpg,/kaggle/input/datasets/huyyuh/3500-w/vn_handwritten_images/data/7_196_1.jpg,Và 115 đã trở thành số điện thoại đáng tin cậy của nhiều người... Theo những vòng,V5 đã trở thành sơ điện thoại đán tín cây của nhưcc ngượi... Theo nhi àg ưvng,V5 đã trở thành sơ điện thoại đán tín cây của nhưcc ngượi... Theo nhi àg ưvng,0.9437006711959839,0,0,[],0.8748159845856474,0.8748159845856474,17,11,0
camera_hard,7_136_1.jpg,/kaggle/input/datasets/huyyuh/3500-w/vn_handwritten_images/data/7_136_1.jpg,khác. Ngoài ra những chiếc xe ben ngược chiều phóng bạt,Khác Ngoni ra nhưng Hước xe ngườnc chiêu phóng Lạtc,Khác Ngoni ra nhng Hước xe ngườnc chiêu phóng Lạtc,0.9609577059745789,1,1,"[{""position"": 6, ""base_token"": ""nhng"", ""candidate_token"": ""nhưng"", ""source"": ""lexicon"", ""support_score"": 0.8888888888888888, ""lm_delta"": 0.19504086969803847, ""candidate_score"": 0.5066581842851727}]",0.651007200320751,0.8460480700187895,15,8,0
camera_hard,7_56_1.jpg,/kaggle/input/datasets/huyyuh/3500-w/vn_handwritten_images/data/7_56_1.jpg,"Tuy nhiên theo các lao động này, bảy tháng qua họ chỉ có việc làm ít ngày, không có lương, bị","y nhiên, thaơ sác Bao đông này, bảy tháng qua họ chị só việc làm ít ngày, khóng có lương. Bị","y nhiên, thaơ sác Bao đông này, bảy tháng qua họ chị só việc làm ít ngày, khóng có lương. Bị",0.9625378251075745,0,0,[],1.112744406945271,1.112744406945271,12,10,0
camera_hard,195_12.jpg,/kaggle/input/datasets/huyyuh/3500-w/vn_handwritten_images/data/195_12.jpg,Hồng Lạc Thanh Hà Hải Dương,a Đà. PI Tha Ea au à Nnn,a Đà. PI Tha Ea au à Nnn,0.9555625915527344,0,0,[],0.2522922422444974,0.2522922422444974,19,8,0
camera_hard,79_8.jpg,/kaggle/input/datasets/huyyuh/3500-w/vn_handwritten_images/data/79_8.jpg,Phượng Xuân Xuân Khang Như Thanh Thanh Hoá,Phượtg Huận Xuân Khanga Như Thanh n Thánh Hoà,Phượtg Huận Xuân Khanga Như Thanh n Thánh Hoà,0.9751664996147156,0,0,[],0.9686870501440219,0.9686870501440219,8,6,0
camera_hard,193_25.jpg,/kaggle/input/datasets/huyyuh/3500-w/vn_handwritten_images/data/193_25.jpg,6 Ngách 64/53 Đặng Thai Mai Quảng An Tây Hồ Hà Nội,Ngạc8 Bđc5 3 Đằng Phoai Mai Quưg An Đông Hồ Hà Nội,Ngạc8 Bđc5 3 Đằng Phoai Mai Quưg An Đông Hồ Hà Nội,0.9679480791091919,0,0,[],0.8582285188502179,0.8582285188502179,17,7,0
camera_hard,79_6.jpg,/kaggle/input/datasets/huyyuh/3500-w/vn_handwritten_images/data/79_6.jpg,Trại Đồng Liên Am Vĩnh Bảo Hải Phòng,i Đồng Liêm An Vĩnh Bảo Hải Phòng,i Đồng Liêm An Vĩnh Bảo Hải Phòng,0.9901286959648132,0,0,[],1.4831610119372296,1.4831610119372296,5,3,0
camera_hard,68_1.jpg,/kaggle/input/datasets/huyyuh/3500-w/vn_handwritten_images/data/68_1.jpg,Thôn Trung Thành Nam Phú Tiền Hải Thái Bình,Thôn Nhà Tang Nam Phú Văn Tải Thán Y,Thôn Nhà Tang Nam Phú Văn Tải Thán Y,0.9646572470664978,0,0,[],1.2556256615157044,1.2556256615157044,17,6,0
camera_hard,79_16.jpg,/kaggle/input/datasets/huyyuh/3500-w/vn_handwritten_images/data/79_16.jpg,Tịnh Hoà Tp Quảng Ngãi Quảng Ngãi,"Tinh Hôg Tn Quảng Nãi Qua i ?.""","Tinh Hôg Tn Quảng Nãi Qua i ?.""",0.9698725938796997,0,0,[],0.6569699911684538,0.6569699911684538,12,7,0
camera_hard,79_15.jpg,/kaggle/input/datasets/huyyuh/3500-w/vn_handwritten_images/data/79_15.jpg,Thôn Đoài Thanh Trù Thành Phố Vĩnh Yên Vĩnh Phúc,Thôn Goài Thanh Trù Thành Phố Vĩnh Yên Vĩnh Prúc,Thôn Goài Thanh Trù Thành Phố Vĩnh Yên Vĩnh Prúc,0.9871410727500916,0,0,[],1.4023010777405465,1.4023010777405465,2,2,0
camera_hard,79_19.jpg,/kaggle/input/datasets/huyyuh/3500-w/vn_handwritten_images/data/79_19.jpg,Thôn Tân Phú 1 Đinh Lạc Di Linh Lâm Đồng,Thôn Tâ Phú 1 Đình Lạc Di Linh Lâm Đồng,Thôn Tâ Phú 1 Đình Lạc Di Linh Lâm Đồng,0.9851824641227722,0,0,[],1.2324761888966234,1.2324761888966234,2,2,0
camera_hard,79_13.jpg,/kaggle/input/datasets/huyyuh/3500-w/vn_handwritten_images/data/79_13.jpg,Vĩnh Tiến Vĩnh Bảo Hải Phòng,"T"" Bia T.. Tu gnu i","T"" Bia T.. Tu gnu i",0.9600440263748169,0,0,[],0.23073423260825424,0.23073423260825424,22,6,0
camera_hard,68_7.jpg,/kaggle/input/datasets/huyyuh/3500-w/vn_handwritten_images/data/68_7.jpg,Thạch Lập Ngọc Lặc Thanh Hoá,I.494 6 Nêu,I.494 6 Nêu,0.9684205055236816,0,0,[],0.31879625975995896,0.31879625975995896,25,6,0
camera_hard,68_17.jpg,/kaggle/input/datasets/huyyuh/3500-w/vn_handwritten_images/data/68_17.jpg,Phú Phụng Chợ Lách Bến Tre,,,0.9999935626983643,0,0,[],-0.8,-0.8,26,6,0
camera_hard,31_211_1.jpg,/kaggle/input/datasets/huyyuh/3500-w/vn_handwritten_images/data/31_211_1.jpg,"các tài xế đã cho biết. Qui trình rất linh hoạt, trình giấy tại cửa trạm hoặc đưa","các tài xế đã cho biết Cuí trình rất linh hoạr, trấnh giấy táo của trạm hặặc đư","các tài xế đã cho biết Cuí trình rất linh hoạr, trấnh giấy táo của trạm hặặc đư",0.9647196531295776,0,0,[],0.9756687673518718,0.9756687673518718,10,8,0
camera_hard,271_13.jpg,/kaggle/input/datasets/huyyuh/3500-w/vn_handwritten_images/data/271_13.jpg,767b Phan Văn Trị Phường 67 Bình Thạnh Tp Hồ Chí Minh,Tổn/ T Phần Tâ Nàn Phường GĐồng Bình Thành Tp Hồ Chí Minh,Tổn/ T Phần Tâ Nàn Phường GĐồng Bình Thành Tp Hồ Chí Minh,0.9471005797386169,0,0,[],1.42213685697419,1.42213685697419,19,7,0
camera_hard,79_11.jpg,/kaggle/input/datasets/huyyuh/3500-w/vn_handwritten_images/data/79_11.jpg,Thôn Yên Việt Đông Cứu Gia Bình Bắc Ninh,Thôn Yên Vệt Đông Cứu Gia Bình Bắc Ninh,Thôn Yên Vệt Đông Cứu Gia Bình Bắc Ninh,0.9855730533599854,0,0,[],1.4962800791815187,1.4962800791815187,1,1,0
camera_hard,68_14.jpg,/kaggle/input/datasets/huyyuh/3500-w/vn_handwritten_images/data/68_14.jpg,Bản Cửa Rào 8 Xá Lượng Tương Dương Nghệ An,KuuhKKhĐuhn auKKaa hưaKanaKKuưn BHna hợaaàĐaaaauaa Kua aa aaa P Đơơn,KuuhKKhĐuhn auKKaa hưaKanaKKuưn BHna hợaaàĐaaaauaa Kua aa aaa P Đơơn,0.8146803975105286,0,0,[],-0.11635651808532166,-0.11635651808532166,57,10,0
camera_hard,31_7_1.jpg,/kaggle/input/datasets/huyyuh/3500-w/vn_handwritten_images/data/31_7_1.jpg,"nhiễm mặn; sống nhờ con tôm, con cá trời cho thì chỉ qua ngày, tương lai mờ mịt",nần ộc? Ấố H 4 .. ca T Tri T sã HĐày Độn Kế h,nần ộc? Ấố H 4 .. ca T Tri T sã HĐày Độn Kế h,0.945210337638855,0,0,[],0.22927978646753489,0.22927978646753489,54,18,0
camera_hard,193_23.jpg,/kaggle/input/datasets/huyyuh/3500-w/vn_handwritten_images/data/193_23.jpg,Ấp Hội Thành Tân Hội Mỏ Cày Nam Bến Tre,Ấ Hội Phan Tân Hợi MảiLất Nh Bến Tre,Ấ Hội Phan Tân Hợi MảiLất Nh Bến Tre,0.9760410189628601,0,0,[],0.7852129825005053,0.7852129825005053,12,6,0
camera_hard,58_120_1.jpg,/kaggle/input/datasets/huyyuh/3500-w/vn_handwritten_images/data/58_120_1.jpg,"Một bác tài xe ôm ngồi chờ khách ngay ngã tư nói : "" Anh cứ nhìn vào các trạm","Một bác tắi xe Ôn ngồt chờ khách quay ngã tư núi. "" Anh cứ nhìn vào cái trạn","Một bác tắi xe Ôn ngồt chờ khách quay ngã tư núi. "" Anh cứ nhìn vào cái trạn",0.968326210975647,0,0,[],0.9427762456865548,0.9427762456865548,10,8,0
camera_hard,7_232_1.jpg,/kaggle/input/datasets/huyyuh/3500-w/vn_handwritten_images/data/7_232_1.jpg,Họ lập tức thông báo với người thân và bạn bè đến nộp đơn xin mua đất xây,Họ lận tức thông báo với người thân và hạn hè đến nội đơn xin mua đất xây,Họ lận tức thông báo với người thân và hạn hè đến nội đơn xin mua đất xây,0.9822208881378174,0,0,[],1.2474414843636412,1.2474414843636412,4,4,0
camera_hard,68_11.jpg,/kaggle/input/datasets/huyyuh/3500-w/vn_handwritten_images/data/68_11.jpg,Thới Thạnh Thới Lai Tp Cần Thơ,Tuỗp Hiikh Tới ai Tp Cận Tuơi YY,Tuỗp Hiikh Tới ai Tp Cận Tuơi YY,0.9685247540473938,0,0,[],0.30149944315758587,0.30149944315758587,15,7,0
camera_hard,7_26.jpg,/kaggle/input/datasets/huyyuh/3500-w/vn_handwritten_images/data/7_26.jpg,Ấp Vĩnh Phong Vĩnh Quới Thị Xã Ngã Năm Sóc Trăng,Ấp Vĩnh Phong Vĩnh Quới Tí Xã Ngã Măm Sá Băn,Ấp Vnh Phong Vĩnh Quới Tí Xã Ngã Măm Sá Băn,0.9698416590690613,1,1,"[{""position"": 2, ""base_token"": ""Vnh"", ""candidate_token"": ""Vĩnh"", ""source"": ""lexicon"", ""support_score"": 0.8571428571428572, ""lm_delta"": 0.18423597198004626, ""candidate_score"": 0.4856689420348801}]",0.8116617035873583,0.9958976755674046,8,4,0
camera_hard,271_11.jpg,/kaggle/input/datasets/huyyuh/3500-w/vn_handwritten_images/data/271_11.jpg,63/95/78 Kp6a Đông Hưng Thuận Quận 79 Hồ Chí Minh,63/55/78 Kp Bã ông Hả 1 Thuận Quận 79nh Đồ Thí Minh,63/55/78 Kp Bã ông Hả 1 Thuận Quận 79nh Đồ Thí Minh,0.9732511043548584,0,0,[],0.864136983865416,0.864136983865416,12,9,0
camera_hard,195_19.jpg,/kaggle/input/datasets/huyyuh/3500-w/vn_handwritten_images/data/195_19.jpg,Ấp Ba Trạch B Tân Hiệp Trà Cú Trà Vinh,Bị Jạ Luyn 8 Tôn Kưn Truy sý L Vinh,Bị Jạ Luyn 8 Tôn Kưn Truy sý L Vinh,0.967429518699646,0,0,[],0.4004403266099422,0.4004403266099422,22,9,0
camera_hard,7_41_1.jpg,/kaggle/input/datasets/huyyuh/3500-w/vn_handwritten_images/data/7_41_1.jpg,"nghèo ở qui mô lớn trong nhiều khung cảnh kinh tế, xã hội và định chế.","nghèo ở quí mô lớn trong mm via kưung cảnh kinơ - tế, xã đ. "" và định chế","nghèo ở quí mô lớn trong mm via kưung cảnh kinơ - tế, xã đ. "" và định chế",0.9691713452339172,0,0,[],0.8999160169247671,0.8999160169247671,16,9,0
camera_hard,7_9_1.jpg,/kaggle/input/datasets/huyyuh/3500-w/vn_handwritten_images/data/7_9_1.jpg,Nhặt và gọi. Một ngày làm việc của anh Âm bắt đầu bằng việc làm quen với một anh,Thắ càọ Mt ngấy làm vọc cửa anh tênm bát đầu bằng việc làm que nười một anh,Thắ càọ Mt ngấy làm vọc cửa anh tênm bát đầu bằng việc làm que nười một anh,0.9586063623428345,0,0,[],0.7212893359344776,0.7212893359344776,21,11,0
camera_hard,195_17.jpg,/kaggle/input/datasets/huyyuh/3500-w/vn_handwritten_images/data/195_17.jpg,Mường Bú Mường La Sơn La,bkiđvệ ớn G2 22 L 2,bkiđvệ ớn G2 22 L 2,0.9712963104248047,0,0,[],-0.027877333755300007,-0.027877333755300007,19,6,0
camera_hard,7_138_1.jpg,/kaggle/input/datasets/huyyuh/3500-w/vn_handwritten_images/data/7_138_1.jpg,"Một thanh niên mặc đồ dân phòng chờ sẵn nơi đầu hẻm đón chúng tôi. Xe dừng,",vừi. toàn nưa vực Đà đên tròng cnờ xẵn sàng nơi đầu hẻm đón chúng tôi. Xe dừng.,vừi. toàn nưa vực Đà đên tròng cnờ xẵn sàng nơi đầu hẻm đón chúng tôi. Xe dừng.,0.9595102071762085,0,0,[],0.7747834887098559,0.7747834887098559,25,11,0
camera_hard,31_195_1.jpg,/kaggle/input/datasets/huyyuh/3500-w/vn_handwritten_images/data/31_195_1.jpg,chặt nhưng chưa có kết luận cháu bé 24 tháng tuổi này cũng nhiễm HIV.,NNsi xéc cớ dái đác Á y tưng tất nà n tại nhiễm HIV.,NNsi xéc cớ dái đác Á y tưng tất nà n tại nhiễm HIV.,0.951386034488678,0,0,[],0.46442379056850425,0.46442379056850425,40,13,0
camera_hard,193_18.jpg,/kaggle/input/datasets/huyyuh/3500-w/vn_handwritten_images/data/193_18.jpg,425 Tổ 9b Đồng Tâm Hai Bà Trưng Hà Nội,đự 5 Ly T ổ 9 Đg Tâưại Đàn Tng Hà Nệi Bn ha,đự 5 Ly T ổ 9 Đg Tâưại Đàn Tng Hà Nệi Bn ha,0.9360555410385132,0,0,[],0.22972978907914332,0.22972978907914332,25,13,0
camera_hard,121_22.jpg,/kaggle/input/datasets/huyyuh/3500-w/vn_handwritten_images/data/121_22.jpg,Thôn H7ng Vĩ Đồng Văn Yên Lạc Vĩnh Phúc,Thôn H7ng Vĩ Đồng Iĩ Yên Lạc Vĩnh Tuu,Thôn H7ng Vĩ Đồng Iĩ Yên Lạc Vĩnh Tuu,0.9878877997398376,0,0,[],0.8694066963709619,0.8694066963709619,7,2,0
camera_hard,31_145_1.jpg,/kaggle/input/datasets/huyyuh/3500-w/vn_handwritten_images/data/31_145_1.jpg,"tuyến nào bao nhiêu. Trong gần 40 phút chúng tôi chứng kiến, tại tuyến trên,","uyn nào brao nhiêu. Trong gần 40 pht chúng tôi chứng kiến, tại tuyến trân,","uyn nào brao nhiêu. Trong gần 40 pht chúng tôi chứng kiến, tại tuyến trân,",0.9723817706108093,0,0,[],0.9899526500653127,0.9899526500653127,5,4,0
camera_hard,27_18_1.jpg,/kaggle/input/datasets/huyyuh/3500-w/vn_handwritten_images/data/27_18_1.jpg,"nước phong tặng danh hiệu anh hùng lao động. Trong lúc đó, công trình này (đầu tiên ở VN và là hầm","đỗ ung ãg u ng ẩ Lã nung nã ận đẩn nn, à uưnghĩn n ãu n đẩnng n gy ĩnuận nã nun ẵã gã nã g unấ ỗ u n g ẩn SĐn, ã nẩãn Đn, Đng","đỗ ung ãg u ng ẩ Lã nung nã ận đẩn nn, à uưnghĩn n ãu n đẩnng n gy ĩnuận nã nun ẵã gã nã g unấ ỗ u n g ẩn SĐn, ã nẩãn Đn, Đng",0.6904637813568115,0,0,[],-0.0023254037693028473,-0.0023254037693028473,94,38,0
camera_hard,121_18.jpg,/kaggle/input/datasets/huyyuh/3500-w/vn_handwritten_images/data/121_18.jpg,776 Đường 91/1 Phường 3 Thành Phố Sóc Trăng Sóc Trăng,776 Đrưồng 2/8. TSi Sốc Trưng Sóc Trăng,776 Đrưồng 2/8. TSi Sốc Trưng Sóc Trăng,0.9709924459457397,0,0,[],0.49958866230394944,0.49958866230394944,24,8,0
camera_hard,121_19.jpg,/kaggle/input/datasets/huyyuh/3500-w/vn_handwritten_images/data/121_19.jpg,Quảng Minh Tp Sầm Sơn Thanh Hoá,Cưng Minh Tp Sấm Sơn Thanh Hoá,Cưng Minh Tp Sấm Sơn Thanh Hoá,0.9884517788887024,0,0,[],1.3516224447826157,1.3516224447826157,4,2,0
camera_hard,271_6.jpg,/kaggle/input/datasets/huyyuh/3500-w/vn_handwritten_images/data/271_6.jpg,Thôn Phúc Lai Xuân Lai Gia Bình Bắc Ninh,Thôn Phúc Lai Xuân Lai Gia Bình Bắc Ninh,Thôn Phúc Lai Xuân Lai Gia Bình Bắc Ninh,0.9848330616950989,0,0,[],1.6134368050670753,1.6134368050670753,0,0,1
camera_hard,195_18.jpg,/kaggle/input/datasets/huyyuh/3500-w/vn_handwritten_images/data/195_18.jpg,963 Cù Chính Lan Trần Tế Xương Tp Nam Định Nam Định,3ự T Või TpT Đạ Đrấn Ti -gin S3S,3ự T Või TpT Đạ Đrấn Ti -gin S3S,0.9532478451728821,0,0,[],-0.019115655766748917,-0.019115655766748917,38,12,0
camera_hard,7_24.jpg,/kaggle/input/datasets/huyyuh/3500-w/vn_handwritten_images/data/7_24.jpg,Ấp Việt Kiều Suối Cát Xuân Lộc Đồng Nai,Ấp Việt Kiêu Suối Cát Xuân Lộc Đồng Nai,Ấp Việt Kiêu Suối Cát Xuân Lộc Đồng Nai,0.9856719970703125,0,0,[],1.2481900852394026,1.2481900852394026,1,1,0
camera_hard,121_8.jpg,/kaggle/input/datasets/huyyuh/3500-w/vn_handwritten_images/data/121_8.jpg,Thôn Đai Tiến Đại Đức Kim Thành Hải Dương,Tư Đưng Đi Lợi Đư Kin Thành Hải Dương,Tư Đưng Đi Lợi Đư Kin Tành Hải Dương,0.9756031632423401,1,1,"[{""position"": 12, ""base_token"": ""Tành"", ""candidate_token"": ""Thành"", ""source"": ""model"", ""support_score"": 0.8679777562618256, ""lm_delta"": 0.27562391214624604, ""candidate_score"": 0.6207621869486756}]",0.8124929231157032,1.0881168352619492,14,6,0
camera_hard,121_6.jpg,/kaggle/input/datasets/huyyuh/3500-w/vn_handwritten_images/data/121_6.jpg,P478 H7 Đt Việt Hưng Giang Biên Long Biên Hà Nội,ããnKoãm KãàĐn an,ããnKoãm KãàĐn an,0.9416606426239014,0,0,[],0.20026853067144268,0.20026853067144268,43,11,0
camera_hard,121_15.jpg,/kaggle/input/datasets/huyyuh/3500-w/vn_handwritten_images/data/121_15.jpg,Thôn Láng Nhớt Diên Tân Diên Khánh Khánh Hoà,Thôn Láng Nhốt Diện Tân Dưn Khánh Khánh Hoà,Thôn Láng Nhốt Diện Tân Dưn Khánh Khánh Hoà,0.9749612808227539,0,0,[],1.2642315309867098,1.2642315309867098,4,3,0
camera_hard,27_63_1.jpg,/kaggle/input/datasets/huyyuh/3500-w/vn_handwritten_images/data/27_63_1.jpg,"mời về huyện Sông Cầu để nghe phổ biến chủ trương của UBND tỉnh Phú Yên,","về luyện sông Cầu để nge pho.. ó chủ trương... "". UBND tỉnh Phú Yên,","về luyện sông Cầu để nge pho.. ó chủ trương... "". UBND tỉnh Phú Yên,",0.9692379236221313,0,0,[],1.1820344193272456,1.1820344193272456,18,7,0
camera_hard,7_3.jpg,/kaggle/input/datasets/huyyuh/3500-w/vn_handwritten_images/data/7_3.jpg,Thanh Minh Thị Xã Phú Thọ Phú Thọ,Tun Nưa Trị Yũ Thưn Tộ Tưa Trọ,Tun Nưa Trị Yũ Thưn Tộ Tưa Trọ,0.9709672331809998,0,0,[],0.13637089130023788,0.13637089130023788,19,8,0
camera_hard,121_14.jpg,/kaggle/input/datasets/huyyuh/3500-w/vn_handwritten_images/data/121_14.jpg,Ấp Xuân Thiện Xuân Thiện Thống Nhất Đồng Nai,"Độ hộn pỗS8ãuSỗ8a 8ã Đđì Kãucng Đã n NàS Lã uu cã gu Ng Sản g Hặn Đ5n3 Sc T7 33g ã Vộn Sãy uaã ng nV29ã ãu g uãn g nh2 đu n g Đn Đã uĐTn n Đn g đkn Xàn ãn D a V2 ầáng g ẩn "". "" hm Đ5nỗ ỗD 5 8 ại,","Độ hộn pỗS8ãuSỗ8a 8ã Đđì Kãucng Đã n NàS Lã uu cã gu Ng Sản g Hặn Đ5n3 Sc T7 33g ã Vộn Sãy uaã ng nV29ã ãu g uãn g nh2 đu n g Đn Đã uĐTn n Đn g đkn Xàn ãn D a V2 ầáng g ẩn "". "" hm Đ5nỗ ỗD 5 8 ại,",0.5619931221008301,0,0,[],0.0633047746606897,0.0633047746606897,168,58,0
camera_hard,31_183_1.jpg,/kaggle/input/datasets/huyyuh/3500-w/vn_handwritten_images/data/31_183_1.jpg,đến khách sạn mua dâm nhưng ông Phương lại không vào phòng đúng lúc,đến kháh sạn mua dâm nhưng ông Phương lạn không vào phùng đáng lúc,đến kháh sạn mua dâm nhưng ông Phương lạn không vào phùng đáng lúc,0.9739922285079956,0,0,[],1.312983905698522,1.312983905698522,4,4,0
camera_hard,7_53_1.jpg,/kaggle/input/datasets/huyyuh/3500-w/vn_handwritten_images/data/7_53_1.jpg,""" Tội nghiệp, họ toàn là người miền Bắc... "" - một chủ quán ở đầu thị trấn nói khi",""" Tội nghiệp, họ toàn là người triều Bắc... "". mội chủ quán ở đầu thị trấn nói khi",""" Tội nghiệp, họ toàn là người triều Bắc... "". mội chủ quán ở đầu thị trấn nói khi",0.9735078811645508,0,0,[],1.36664662748339,1.36664662748339,6,4,0
camera_hard,7_22.jpg,/kaggle/input/datasets/huyyuh/3500-w/vn_handwritten_images/data/7_22.jpg,Tt Nho Quan Nho Quan Ninh Bình,Tt Nho Quan Nho Quan Ninh Bình,Tt Nho Quan Nho Quan Ninh Bìnhu,0.991813063621521,1,1,"[{""position"": 12, ""base_token"": ""Bìnhu"", ""candidate_token"": ""Bình"", ""source"": ""lexicon"", ""support_score"": 0.8888888888888888, ""lm_delta"": 0.24209159390390567, ""candidate_score"": 0.5880019711682073}]",1.2582785371833543,1.50037013108726,0,0,1
camera_hard,7_195_1.jpg,/kaggle/input/datasets/huyyuh/3500-w/vn_handwritten_images/data/7_195_1.jpg,Họ sợ. Còn vợ chồng anh Diên thì cứ ngồi cúi đầu nơi bàn nước. Anh phẫn uất :,"K NNã Hỗn N Nn hngh Nãmn TunS2 A Đngh á Pg S Nến-C Nảh -ã Đu S nĐn Tnnỹ ãng nh unuyĐ uễn N đi,","K NNã Hỗn N Nn hngh Nãmn TunS2 A Đngh á Pg S Nến-C Nảh -ã Đu S nĐn Tnnỹ ãng nh unuyĐ uễn N đi,",0.798616886138916,0,0,[],0.024931682136488345,0.024931682136488345,68,26,0
camera_hard,264_25.jpg,/kaggle/input/datasets/huyyuh/3500-w/vn_handwritten_images/data/264_25.jpg,Số 2a Cử Luyện Phường 5 Tp Tân An Long An,Ấn L Nhng Phường 5 5 Tâ An Long An,Ấn L Nhng Phườngg 5 5 Tâ An Long An,0.9670125842094421,1,1,"[{""position"": 6, ""base_token"": ""Phườngg"", ""candidate_token"": ""Phường"", ""source"": ""model"", ""support_score"": 0.9976853926976522, ""lm_delta"": 0.23293142254355037, ""candidate_score"": 0.590322603329655}]",0.8043214849436182,1.0372529074871686,15,6,0
camera_hard,27_150_1.jpg,/kaggle/input/datasets/huyyuh/3500-w/vn_handwritten_images/data/27_150_1.jpg,"trực tiếp đi bỏ hàng cho các tỉnh thành, nhưng sau đó hai người ly dị","Đrựa tiế điho thàng cho các tỉnh thành, nhảng sau đố hai ngưiễi c ọc.","Đrựa tiế điho thàng cho các tỉnh thành, nhảng sau đố hai ngưiễi c ọc.",0.9653713703155518,0,0,[],0.8356774214282777,0.8356774214282777,16,10,0
camera_hard,27_74_1.jpg,/kaggle/input/datasets/huyyuh/3500-w/vn_handwritten_images/data/27_74_1.jpg,"thùng thình, gần 50 công nhân, người đứng nhìn những bạn bè mình ở","tràng thưng gần 50 công nhân, người đứng nhòn những bạn bè mình ở","tràng thưng gần 50 công nhân, người đứng nhòn những bạn bè mình ở",0.9710084795951843,0,0,[],1.2817440146764105,1.2817440146764105,6,3,0
camera_hard,27_193_1.jpg,/kaggle/input/datasets/huyyuh/3500-w/vn_handwritten_images/data/27_193_1.jpg,nhà nước và việc tổ chức sắp xếp lại doanh nghiệp nhà nước. Triển khai quyết,"đẫn uẫn đã đn điđềngnu nu ền nđcng đn đặn đĐ n đẩp . "" ng up Pu đầu đn Đy nĩ đn uẩẫn ầng 9 uuấ n iợ pgấn ần guiccu ặn địnun gTẫ đẩấy Hửn đn iìề n đ đĩn đ ã đuãc đunu đnãugcn đẫãn gặ nặn n.","đẫn uẫn đã đn điđềngnu nu ền nđcng đn đặn đĐ n đẩp . "" ng up Pu đầu đn Đy nĩ đn uẩẫn ầng 9 uuấ n iợ pgấn ần guiccu ặn địnun gTẫ đẩấy Hửn đn iìề n đ đĩn đ ã đuãc đunu đnãugcn đẫãn gặ nặn n.",0.6264061331748962,0,0,[],-0.04034172452411015,-0.04034172452411015,157,51,0
camera_hard,7_154_1.jpg,/kaggle/input/datasets/huyyuh/3500-w/vn_handwritten_images/data/7_154_1.jpg,nặng giữ người dưới biển) và nối liền với bình dưỡng khí được vận hành nhờ máy thủy (máy,g giữ người dưới biểt) và nổi liền với bình dưởng khí được vận hành nhờ máy thủy (mác,g giữ người dưới biểt) và nổi liền với bình dưởng khí được vận hành nhờ máy thủy (mác,0.9729631543159485,0,0,[],1.0853761051982698,1.0853761051982698,7,5,0
camera_hard,7_45_1.jpg,/kaggle/input/datasets/huyyuh/3500-w/vn_handwritten_images/data/7_45_1.jpg,buôn nhằm hạn chế kinh doanh lòng vòng làm nâng giá thuốc; lập ngân,loà àa brạạm trế hinh doanh lòng vòng làm nâng giá tuốc l gác,loà àa brạạm trế hinh doanh lòng vòng làm nâng giá tuốc l gác,0.9591902494430542,0,0,[],0.6691139554785124,0.6691139554785124,21,8,0
camera_hard,264_16.jpg,/kaggle/input/datasets/huyyuh/3500-w/vn_handwritten_images/data/264_16.jpg,Quảng Đông Tp Thanh Hoá Thanh Hoá,KKuận g Đường 46 c ThPhưhưưưhKGàànnhận,KKuận g Đưng 46 c ThPhưhưưưhKGàànnhận,0.9120189547538757,1,1,"[{""position"": 4, ""base_token"": ""Đưng"", ""candidate_token"": ""Đường"", ""source"": ""lexicon"", ""support_score"": 0.8888888888888888, ""lm_delta"": 0.345713596548654, ""candidate_score"": 0.6665461871497719}]",0.10241302829217702,0.44812662484083104,25,7,0
camera_hard,7_7.jpg,/kaggle/input/datasets/huyyuh/3500-w/vn_handwritten_images/data/7_7.jpg,Tân Lập Tân Thạnh Long An,SN X0 Kôn Xrun Long An,SN X0 Kôn Xrun Long An,0.9804481863975525,0,0,[],0.6037927733192802,0.6037927733192802,11,4,0
camera_hard,7_11.jpg,/kaggle/input/datasets/huyyuh/3500-w/vn_handwritten_images/data/7_11.jpg,Mỹ Long Bắc Cầu Ngang Trà Vinh,Xua Xớc N NuoNg TX Vĩnh,Xua Xớc N NuoNg TX Vnh,0.9743130207061768,1,1,"[{""position"": 10, ""base_token"": ""Vnh"", ""candidate_token"": ""Vĩnh"", ""source"": ""lexicon"", ""support_score"": 0.8571428571428572, ""lm_delta"": 0.2739671403282712, ""candidate_score"": 0.575400110383105}]",0.036413093093101,0.31038023342137216,17,7,0
camera_hard,264_10.jpg,/kaggle/input/datasets/huyyuh/3500-w/vn_handwritten_images/data/264_10.jpg,Bắc Ninh,1nP2Bắc NinhnT Tn auha uno Ni PPha gáCn Đã àáQnh N,1nP2Bắc NinhnT Tn auha uno Ni PPha gáCn Đã àáQnh N,0.8917243480682373,0,0,[],0.07739450413052255,0.07739450413052255,42,11,0
camera_hard,7_64_1.jpg,/kaggle/input/datasets/huyyuh/3500-w/vn_handwritten_images/data/7_64_1.jpg,"Bình dẫn chứng - có 109 doanh nghiệp (DN) cổ phần hóa, năm 2003 mình làm được 37.",""" ãtỡ kuứng - đó Ling đááxáct n ghặn (ĐNV cũ qi xớc, nim cX à nai kl m 7 33.",""" ãtỡ kuứng - đó Ling đááxáct n ghặn (ĐNV cũ qi xớc, nim cX à nai kl m 7 33.",0.9146522283554077,0,0,[],0.09403800748573013,0.09403800748573013,51,20,0
camera_hard,264_0.jpg,/kaggle/input/datasets/huyyuh/3500-w/vn_handwritten_images/data/264_0.jpg,35/15 Bình Minh 6 Dĩ An Thành Phố Dĩ An Bình Dương,5/15 Bình Minh 6 Dĩ A Thanhị Nhể Đĩ A Bình Dường n V,5/15 Bình Minh 6 Dĩ A Thanhị Nhể Đĩ A Bìn Dường n V,0.9653560519218445,1,1,"[{""position"": 22, ""base_token"": ""Bìn"", ""candidate_token"": ""Bình"", ""source"": ""model"", ""support_score"": 0.9183428287506104, ""lm_delta"": 0.18493848369331412, ""candidate_score"": 0.535266951936874}]",0.6399162251908813,0.8248547088841954,13,9,0
camera_hard,264_6.jpg,/kaggle/input/datasets/huyyuh/3500-w/vn_handwritten_images/data/264_6.jpg,Ấp 2 Lộ 31 Thống Nhất Đồng Nai,Ấp 2 Lộ 31 Thống Nhất Đồng Nai,Ấp 2 Lộ 31 Thống Nhất Đồng Nai,0.9820396304130554,0,0,[],1.3719071412646522,1.3719071412646522,0,0,1
camera_hard,1336_samples.png,/kaggle/input/datasets/huyyuh/3500-w/vn_handwritten_images/data/1336_samples.png,"Số 292/3, KP 4, Phường Tân Biên, Thành Phố Biên Hoà, Đồng Nai",Và K Vàn Nàn àn Xã ãn N ãnn à Ko NgaN a,Và K Vàn Nàn àn Xã ãn N ãnn à Ko NgaN a,0.9179064631462097,0,0,[],0.20068388834198198,0.20068388834198198,44,13,0
camera_hard,0777_samples.png,/kaggle/input/datasets/huyyuh/3500-w/vn_handwritten_images/data/0777_samples.png,"169 Nguyễn Văn Thoại, Phường An Hải Đông, Quận Sơn Trà, Đà Nẵng",Bó2 Đoê Sang Tc.,Bó2 Đoê San Tc.,0.9721754789352417,1,1,"[{""position"": 4, ""base_token"": ""San"", ""candidate_token"": ""Sang"", ""source"": ""lexicon"", ""support_score"": 0.8571428571428572, ""lm_delta"": 0.35838971089661487, ""candidate_score"": 0.6121927575649125}]",-0.18000000000000002,0.17838971089661487,55,13,0
camera_hard,0570_samples.png,/kaggle/input/datasets/huyyuh/3500-w/vn_handwritten_images/data/0570_samples.png,"K115/6 ông ích Khiêm, Phường Thanh Bình, Quận Hải Châu, Đà Nẵng","KH4.I/6 ông đến Huển, Pưỡng Thoạn Bình, Gua Hải Châu","KH4.I/6 ông đến Huển, Pưỡng Thoạn Bình, Gua Hải Châu",0.9732680320739746,0,0,[],0.7596448035731791,0.7596448035731791,28,9,0
camera_hard,0338_samples.png,/kaggle/input/datasets/huyyuh/3500-w/vn_handwritten_images/data/0338_samples.png,"Số 838, KP 2, Phường Trảng Dài, Thành phố Biên Hoà, Đồng Nai",Số R E tổ PBuờc Poo Nn Điá Hc Ron SưgĐngơa,Số R E tổ PBuờc Poo Nn Điá Hc Ron SưgĐngơa,0.937076210975647,0,0,[],0.08483557252378965,0.08483557252378965,40,12,0
camera_hard,0408_samples.png,/kaggle/input/datasets/huyyuh/3500-w/vn_handwritten_images/data/0408_samples.png,"Tổ 30 khu 3, Phường Quán Toan, Quận Hồng Bàng, Hải Phòng","Tấ 10 Thg 14 Tnam Con Th Đưg, Hải Nhai","Tấ 10 Thg 14 Tnam Con Th Đưg, Hải Nhai",0.9464809894561768,0,0,[],0.44899179779954046,0.44899179779954046,34,11,0
camera_hard,0158_samples.png,/kaggle/input/datasets/huyyuh/3500-w/vn_handwritten_images/data/0158_samples.png,"369/3D, ấp An Phong, Xã An Thạnh, Huyện Mỏ Cày Nam, Bến Tre",,,0.9987696409225464,0,0,[],-0.8,-0.8,59,13,0
camera_hard,1333_samples.png,/kaggle/input/datasets/huyyuh/3500-w/vn_handwritten_images/data/1333_samples.png,"Thôn Văn xá, Huyện An Dương, Hải Phòng","P, Trừa Nhưng","P, Trừa Nưng",0.9800220727920532,1,1,"[{""position"": 5, ""base_token"": ""Nưng"", ""candidate_token"": ""Nhưng"", ""source"": ""lexicon"", ""support_score"": 0.8888888888888888, ""lm_delta"": 0.6773071733624807, ""candidate_score"": 0.9889244879496151}]",0.16528859631799414,0.8425957696804749,30,8,0
camera_hard,0913_samples.png,/kaggle/input/datasets/huyyuh/3500-w/vn_handwritten_images/data/0913_samples.png,"103 Lê Văn Thọ, Phường 9, Quận Gò Vấp, TP Hồ Chí Minh","103 Lê Văn Thọ, Phường 9, Quận Gò Vấp, TP Hồ Chí Minh","103 Lê Văn Thọ, Phường 9, Quận Gò Vấp, TP Hồ Chí Minh",0.9824751615524292,0,0,[],1.7959359516035502,1.7959359516035502,0,0,1
camera_hard,1663_samples.png,/kaggle/input/datasets/huyyuh/3500-w/vn_handwritten_images/data/1663_samples.png,"13/6 Đường số 1, Phường An Lạc A, Quận Bình Tân, TP Hồ Chí Minh","..Ở""21 1.S 4.1 Đ - 2. Nâi Đ ì C01 H ộ","..Ở""21 1.S 4.1 Đ - 2. Nâi Đ ì C01 H ộ",0.9280140995979309,0,0,[],0.13700363626988563,0.13700363626988563,50,15,0
camera_hard,1412_samples.png,/kaggle/input/datasets/huyyuh/3500-w/vn_handwritten_images/data/1412_samples.png,"Đường 20-9, TT.Bắc Hà, Huyện Bắc Hà, Lào Cai","ường 20-9, TI. Bắc Hn, Huyện Bảc Hà, Vào Cău","ường 20-9, TI. Bắc Hn, Hhuyện Bảc Hà, Vào Cău",0.970065176486969,1,1,"[{""position"": 15, ""base_token"": ""Hhuyện"", ""candidate_token"": ""Huyện"", ""source"": ""model"", ""support_score"": 0.9876047849655152, ""lm_delta"": 0.208884308616615, ""candidate_score"": 0.5554667943675551}]",0.5026515661492157,0.7115358747658307,8,7,0
camera_hard,0853_samples.png,/kaggle/input/datasets/huyyuh/3500-w/vn_handwritten_images/data/0853_samples.png,"84 Hoàng Văn Thụ, Phường Phước Ninh, Quận Hải Châu, Đà Nẵng","""21 Hưg bău Thaa, Nhng Nản Xosn... à đa đ xo "" i só. ""...."" u.g.","""21 Hưg bău Thaa, Nhng Nản Xosn... à đa đ xo "" i só. ""...."" u.g.",0.9038360118865967,0,0,[],0.1119797098076254,0.1119797098076254,48,16,0
camera_hard,0601_samples.png,/kaggle/input/datasets/huyyuh/3500-w/vn_handwritten_images/data/0601_samples.png,"Đường Nguyễn Khuyến, KP1, Thị trấn Võ Xu, Huyện Đức Linh, Bình Thuận",Sồàã Đễ Xn ã àà ĐàààĐĐ Bà ã gn aa,Sồàã Đễ Xn ã àà ĐàààĐĐ Bà ã gn aa,0.919183075428009,0,0,[],-0.10609013019489147,-0.10609013019489147,56,13,0
camera_hard,0848_samples.png,/kaggle/input/datasets/huyyuh/3500-w/vn_handwritten_images/data/0848_samples.png,"số 11 Bis, đường Nguyễn Gia Thiều, Phường 06, Quận 3, TP Hồ Chí Minh","Số 11 Bis, đườnng Nguyễn Giia Thuền, Phường 06, Quận 3, TP Hồ Chí Minh","Số 11 Bis, đườnng Nguyễn Giia Thuền, Phường 06, Quận 3, TP Hồ Chí Minh",0.9694865942001343,0,0,[],1.3787853185677887,1.3787853185677887,4,3,0
camera_hard,0232_samples.png,/kaggle/input/datasets/huyyuh/3500-w/vn_handwritten_images/data/0232_samples.png,"145 Nguyễn Đình Chính, Phường 11, Quận Phú Nhuận, TP Hồ Chí Minh",", 1B. Nị "" tễn đuhm íđ.. ""... 2.5 IS"". "" Lu0.... . "" : và """" "":... .9, và 2 2 à à ì ăn : 9",", 1B. Nị "" tễn đuhm íđ.. ""... 2.5 IS"". "" Lu0.... . "" : và """" "":... .9, và 2 2 à à ì ăn : 9",0.879659116268158,0,0,[],0.2048796470596949,0.2048796470596949,71,28,0
camera_hard,1731_samples.png,/kaggle/input/datasets/huyyuh/3500-w/vn_handwritten_images/data/1731_samples.png,"Thôn Đầm môn, xã Vạn Thạnh, Huyện Vạn Ninh, Khánh Hòa",".. 8.""... ị.......... đ vi có. : I. 9",".. 8.""... ị.......... đ vi có. : I. 9",0.9499960541725159,0,0,[],0.3725817585748708,0.3725817585748708,45,11,0
camera_hard,0930_samples.png,/kaggle/input/datasets/huyyuh/3500-w/vn_handwritten_images/data/0930_samples.png,"Số 34J2, Đường DD7-1, Phường Tân Hưng Thuận, Quận 12, TP Hồ Chí Minh",S Đ4Ấ4297 72 Đợ1 2. - Huớc Kro 6 Tp Ngá G Lại,S Đ4Ấ4297 72 Đợ1 2. - Huớc Kro 6 Tp Ngá G Lại,0.9280049204826355,0,0,[],0.18762377333708052,0.18762377333708052,50,13,0
camera_hard,0400_samples.png,/kaggle/input/datasets/huyyuh/3500-w/vn_handwritten_images/data/0400_samples.png,"Số 63 Thái Sơn, Xã N-Thol Hạ, Huyện Đức Trọng, Lâm Đồng","63 Thái Sơn, Xã NThol Hạ, Huyện Đức Trọng, Lâm Đồng","63 Thái Sơn, Xã NThol Hạ, Huyện Đức Trọng, Lâm Đồng",0.9792711138725281,0,0,[],1.316491448052446,1.316491448052446,4,2,0
camera_hard,1266_samples.png,/kaggle/input/datasets/huyyuh/3500-w/vn_handwritten_images/data/1266_samples.png,"1071, quốc lộ 1, Phường Tân Khánh, Thành phố Tân An, Long An",1ộ /t Tn 11 Phú Tọ Banh Thành nh Đn Pháctoá,1ộ /t Tn 11 Phú Tọ Banh Thành nh Đn Pháctoá,0.9430971145629883,0,0,[],0.5143209482457968,0.5143209482457968,35,12,0
camera_hard,0528_samples.png,/kaggle/input/datasets/huyyuh/3500-w/vn_handwritten_images/data/0528_samples.png,"Thôn Mỹ Chánh, Xã Hải Chánh, Huyện Hải Lăng, Quảng Trị","Thôn Mỹ Chãnh, Xã Hoh KHóni Hoá Snt Knmg Qng","Thôn Mỹ Chãnh, Xã Hoh KHóni Hoá Snt Knmg Qng",0.9544355273246765,0,0,[],0.4972850338072211,0.4972850338072211,24,8,0
camera_hard,0419_samples.png,/kaggle/input/datasets/huyyuh/3500-w/vn_handwritten_images/data/0419_samples.png,"Tổ 4, thôn Phước Long, Xã Tân Hoà, Huyện Tân Thành, Bà Rịa - Vũng Tàu","Ấ -Ấ ĐẤ5 Ns Ln, Đã tĐG R ng n tp Đà Rộh - Hứt Đu","Ấ -Ấ ĐẤ5 Ns Ln, Đã tĐG R ng n tp Đà Rộh - Hứt Đu",0.9288802146911621,0,0,[],0.1538627459048656,0.1538627459048656,43,15,0
camera_hard,0382_samples.png,/kaggle/input/datasets/huyyuh/3500-w/vn_handwritten_images/data/0382_samples.png,"ấp Tân Lập, xã Vĩnh Hiệp, Thị Xã Vĩnh Châu, Sóc Trăng","ấp Tni Lập, Xã Vội Hện Thạ Xã Vĩ Châu. 5ắ Trăng","ấp Tni Lập, Xã Vội Hện Thạ Xã Vĩ Châu. 5ắ Trăng",0.9742124080657959,0,0,[],0.6505636194574163,0.6505636194574163,15,7,0
camera_hard,0242_samples.png,/kaggle/input/datasets/huyyuh/3500-w/vn_handwritten_images/data/0242_samples.png,"ấp Đồng, Xã Phước Tân, Thành phố Biên Hoà, Đồng Nai",". 2 4 Lạ4 1. Thành phố Sun Tà, Đồng Hai",". 2 4 Lạ4 1. Thành phố Sun Tà, Đồng Hai",0.9613381028175354,0,0,[],0.9373896978344579,0.9373896978344579,24,8,0
camera_hard,1552_samples.png,/kaggle/input/datasets/huyyuh/3500-w/vn_handwritten_images/data/1552_samples.png,"Số 16D/55/46 Lạch tray, Quận Lê Chân, Hải Phòng",""" "" niv Hênh Luim "": ""..4, P.. Ô đ",""" "" niv Hênh Luim "": ""..4, P.. Ô đ",0.9513844847679138,0,0,[],0.15979321453709974,0.15979321453709974,37,10,0
camera_hard,271_25.jpg,/kaggle/input/datasets/huyyuh/3500-w/vn_handwritten_images/data/271_25.jpg,Nguyễn Thị Tần P6 Q5 Tp Hồ Chí Minh,Kguyễn Thị Tân P6 Q5 Tp Hồ Chí Minh,Kguyễn Thị Tân P6 Q5 Tp Hồ Chí Minh,0.9858608245849609,0,0,[],1.4970385438232228,1.4970385438232228,2,2,0
camera_hard,31_185_1.jpg,/kaggle/input/datasets/huyyuh/3500-w/vn_handwritten_images/data/31_185_1.jpg,"kê bằng thân cây dừa lão xẻ ra làm sườn. Nhà có bề ngang 4 m, dài 6 m.","""ã n ì ""VXã Sa VII, XGođi Trunà, Xna đăm "" S5.. "" ùm* V"" đĩnh g5ã đinm xXà "" mà *2 2 Sẽ đế Son đầh "" đà và "" "" 8 ưắệ ngưề Nửả.. "" à 2.. "".","""ã n ì ""VXã Sa VII, XGođi Trunà, Xna đăm "" S5.. "" ùm* V"" đĩnh g5ã đinm xXà "" mà *2 2 Sẽ đế Son đầh "" đà và "" "" 8 ưắệ ngưề Nửả.. "" à 2.. "".",0.7999374270439148,0,0,[],0.17968653687576097,0.17968653687576097,109,40,0
camera_hard,1646_samples.png,/kaggle/input/datasets/huyyuh/3500-w/vn_handwritten_images/data/1646_samples.png,"36/15A Đường Tăng Bạt Hổ, Phường 11, Quận Bình Thạnh, TP Hồ Chí Minh","VVn XSnNVăNn Văn S, Kưg , Qoậm Vìh Trạnh, TP Vồ Chí Min","VVn XSnNVăNn Văn S, Kưg , Qoậm Vìh Trạnh, TP Vồ Chí Min",0.9413411021232605,0,0,[],0.39927025242561104,0.39927025242561104,31,12,0
camera_hard,1490_samples.png,/kaggle/input/datasets/huyyuh/3500-w/vn_handwritten_images/data/1490_samples.png,"44/18 Đề Pô, Phường Phước Tân, Thành phố Nha Trang, Khánh Hòa",", Kin yup ""329 7 Pưng Phước Ti, Thhị phố Rơi tha Trưưng, Khnh Hoa",", Kin yup ""329 7 Pưng Phước Ti, Thhị phố Rơi tha Trưưng, Khnh Hoa",0.9397872090339661,0,0,[],0.45983372362460734,0.45983372362460734,30,13,0
camera_hard,0346_samples.png,/kaggle/input/datasets/huyyuh/3500-w/vn_handwritten_images/data/0346_samples.png,"Thôn 3, Xã Phùng Xá, Huyện Thạch Thất, Hà Nội","Tháb2 3, Xã PXng Xã, Huiện Th Thết : Độ Ni","Tháb2 3, Xã PXng Xã, Huiện Th Thết : Độ Ni",0.9639327526092529,0,0,[],0.39908910230087835,0.39908910230087835,16,9,0
camera_hard,1779_samples.png,/kaggle/input/datasets/huyyuh/3500-w/vn_handwritten_images/data/1779_samples.png,"Thôn Agrồng, Xã A Tiêng, Huyện Tây Giang, Quảng Nam","Thôn Hgriong, Xã A Trông, Huyện Tây Giang, Quảng Nam","Thôn Hgriong, Xã A Trông, Huyện Tây Giang, Quảng Nam",0.9786213040351868,0,0,[],1.455799122355685,1.455799122355685,5,2,0
camera_hard,0489_samples.png,/kaggle/input/datasets/huyyuh/3500-w/vn_handwritten_images/data/0489_samples.png,"Số 405 Thuỵ Khuê P.Bưởi, Quận Tây Hồ, Hà Nội","Tố 4u5 Thếp Khuu R Quớn , Quận Tâg Hồi, Hà Nộng","Tố 4u5 Thếp Khuu R Quớn , Quận Tâg Hồi, Hà Nộng",0.9590163826942444,0,0,[],0.45127666562808644,0.45127666562808644,16,10,0
camera_hard,0385_samples.png,/kaggle/input/datasets/huyyuh/3500-w/vn_handwritten_images/data/0385_samples.png,"Số 289 Nguyễn Lương Bằng, Phường Văn Đẩu, Quận Kiến An, Hải Phòng",Đố8 Đã 9QauĐăm Kưo Sa PaahĐong Ngâ3 uan Kh ưgHĐ Raáni,Đố8 Đã 9QauĐăm Kưo Sa PaahĐong Ngâ3 uan Kh ưgHĐ Raáni,0.9017719030380249,0,0,[],0.07052388180924096,0.07052388180924096,46,13,0
camera_hard,0494_samples.png,/kaggle/input/datasets/huyyuh/3500-w/vn_handwritten_images/data/0494_samples.png,"Số 183 Lê Thành Phương, Phường 8, TP Tuy Hoà, Phú Yên","S12 Tài Thạnh Phường, Phường 8 PPhung Hoà, Phúc Yôn","S12 Tài Thạnh Phướng, Phường 8 PPhung Hoà, Phúc Yôn",0.9535707235336304,1,1,"[{""position"": 6, ""base_token"": ""Phướng"", ""candidate_token"": ""Phường"", ""source"": ""lexicon"", ""support_score"": 0.8333333333333335, ""lm_delta"": 0.18220976298255498, ""candidate_score"": 0.5149481348640118}]",1.018784629871618,1.200994392854173,17,10,0
camera_hard,0247_samples.png,/kaggle/input/datasets/huyyuh/3500-w/vn_handwritten_images/data/0247_samples.png,"458/10/8D Huỳnh Tấn Phát, Phường Bình Thuận, Quận 7, TP Hồ Chí Minh","355/10/ 8Dn TongI Đ c c11 2.i.N V Xộ2 T."". v 2","355/10/ 8Dn TongI Đ c c11 2.i.N V Xộ2 T."". v 2",0.9345501065254211,0,0,[],0.11601009011196874,0.11601009011196874,48,13,0
camera_hard,0632_samples.png,/kaggle/input/datasets/huyyuh/3500-w/vn_handwritten_images/data/0632_samples.png,"Số 10/75 Kiều Sơn, Phường Đằng Lâm, Quận Hải An, Hải Phòng",4 Huế2 ĐiêLộ,4 Huế2 ĐiêLộ,0.9830412864685059,0,0,[],-0.18000000000000002,-0.18000000000000002,53,12,0
camera_hard,1315_samples.png,/kaggle/input/datasets/huyyuh/3500-w/vn_handwritten_images/data/1315_samples.png,"150B Nguyễn Văn Cừ, Thành phố Bảo Lộc, Lâm Đồng",5..-Đã1E5Eđ EàĐội,5..-Đã1E5Eđ EàĐội,0.9634266495704651,0,0,[],-0.1627668660601081,-0.1627668660601081,43,10,0
camera_hard,0816_samples.png,/kaggle/input/datasets/huyyuh/3500-w/vn_handwritten_images/data/0816_samples.png,"540 Lê Hồng Phong, Phường 10, Quận 10, TP Hồ Chí Minh",... 2 Ai,... 2 Ai,0.9838178753852844,0,0,[],0.6865912571798607,0.6865912571798607,50,12,0
camera_hard,0574_samples.png,/kaggle/input/datasets/huyyuh/3500-w/vn_handwritten_images/data/0574_samples.png,"ấp Nhà việc, xã Châu Thới, Huyện Vĩnh Lợi, Bạc Liêu",T ãXn đàm Km Vàã XưSãã Xà àNà Ng Qao,T ãXn đàm Km Vàã XưSãã Xà àNà Ng Qao,0.9145777225494385,0,0,[],0.029327900900483612,0.029327900900483612,41,11,0
camera_hard,1802_samples.png,/kaggle/input/datasets/huyyuh/3500-w/vn_handwritten_images/data/1802_samples.png,"Thị trấn xuân Trường, Huyện Xuân Trường, Nam Định","đỗãu uguẫn uợ"" ""N un nh ền ny yồy ìn in đn đuẩn nđền đền đ nđỗãnđỗn đpuđn đuđĩng đn nđì n niun n ãn gĩ n đn iĩn Đồìn n n đ n ẩn đẫãn đấy n u h n hờn n ồn unđn n n n n đn đĩn đ n đãngđn Đ n iến đun n đn sn","đỗãu uguẫn uợ"" ""N un nh ền ny yồy ìn in đn đuẩn nđền đền đ nđỗãnđỗn đpuđn đuđĩng đn nđì n niun n ãn gĩ n đn iĩn Đồìn n n đ n ẩn đẫãn đấy n u h n hờn n ồn unđn n n n n đn đĩn đ n đãngđn Đ n iến đun n đn sn",0.5454083681106567,0,0,[],0.04507933169859685,0.04507933169859685,180,61,0
camera_hard,1538_samples.png,/kaggle/input/datasets/huyyuh/3500-w/vn_handwritten_images/data/1538_samples.png,"506 Phú Thọ Hoà, Phường Phú Thọ Hoà, Quận Tân phú, TP Hồ Chí Minh",""", đậi Tỗ 239 ỗng ĐậI ặ 8 T K Đn u, P N Đa Tng uà KP ĐĐ Paá",""", đậi Tỗ 239 ỗng ĐậI ặ 8 T K Đn u, P N Đa Tng uà KP ĐĐ Paá",0.8626265525817871,0,0,[],0.0562809274412004,0.0562809274412004,49,20,0
camera_hard,0812_samples.png,/kaggle/input/datasets/huyyuh/3500-w/vn_handwritten_images/data/0812_samples.png,"ấp An Lợi, Xã An Bình A, Thị xã Hồng Ngự, Đồng Tháp","Ấp An Lợi, Đ Đnã An ạ TĐị Xã Đng Nực Tyên Đăn","Ấp An Lợi, Đ Đnã An ạ TĐị Xã Đng Nực Tyên Đăn",0.9533771276473999,0,0,[],0.47728398566185093,0.47728398566185093,22,9,0
camera_hard,1195_samples.png,/kaggle/input/datasets/huyyuh/3500-w/vn_handwritten_images/data/1195_samples.png,"40/25 Bùi Viện, Phường Phạm Ngũ Lão, Quận 1, TP Hồ Chí Minh","81B8 Đh KHing P Hạh uĐng Qunh, Puum NSg Kưắ Quậm 23 Tp Hồn Khí Mưn","81B8 Đh KHing P Hạh uĐng Qunh, Puum NSg Kưắ Quậm 23 Tp Hồn Khí Mưn",0.8953827023506165,0,0,[],0.12949684785996424,0.12949684785996424,39,15,0
camera_hard,0429_samples.png,/kaggle/input/datasets/huyyuh/3500-w/vn_handwritten_images/data/0429_samples.png,"74/61 Bùi Quang Là, Phường 12, Quận Gò Vấp, TP Hồ Chí Minh",". ế 1... "" 4.4. ""...ụ1... ộ H6.. 48 SSơ Tên Pauế",". ế 1... "" 4.4. ""...ụ1... ộ H6.. 48 SSơ Tên Pauế",0.9178804159164429,0,0,[],-0.012134631326828446,-0.012134631326828446,49,13,0
camera_hard,7_7_1.jpg,/kaggle/input/datasets/huyyuh/3500-w/vn_handwritten_images/data/7_7_1.jpg,Cái buổi ban đầu của Đỗi là năm 1986. Sau những lần đi thu gom tôm đất do,điý Niắng đăng đườc tăn gỗ sỗ sã tăm 90%. S u những lầừn đọ đi pa đôa được..,điý Niắng đăng đườc tăn gỗ sỗ sã tăm 90%. S u những lầừn đọ đi pa đôa được..,0.9230917692184448,0,0,[],0.330402708128526,0.330402708128526,43,19,0
camera_hard,27_133_1.jpg,/kaggle/input/datasets/huyyuh/3500-w/vn_handwritten_images/data/27_133_1.jpg,"Qua mấy chục cây số mênh mông là ruộng, cuối cùng cái giỏ xách đã được hoàn lại chủ.","Qua mấy chục cây số mênh mông là ruộng, cuối cùng cái giỏ xách đỡ được hoàn bị chủ.","Qua mấy chục cây số mênh mông là ruộng, cuối cùng cái giỏ xách đỡ được hoàn bị chủ.",0.9751758575439453,0,0,[],1.1883156694385202,1.1883156694385202,4,2,0
camera_hard,31_117_1.jpg,/kaggle/input/datasets/huyyuh/3500-w/vn_handwritten_images/data/31_117_1.jpg,"Như vậy, "" việc xác nhận của thứ trưởng Hà có cần thiết không? (ông Hà ký xác",đỏo sát rỏ Đ nit cảo. Thới yabẻđ Hà có coa thiệy không? Công Hà ký xáo,đỏo sát rỏ Đ nit cảo. Thới yabẻđ Hà có coa thiệy không? Công Hà ký xáo,0.940200686454773,0,0,[],0.6274550278218107,0.6274550278218107,36,13,0
