filename,path,ground_truth,prediction,confidence,char_distance_lower,word_distance_lower,exact_match
425_185_1.jpg,/kaggle/input/datasets/huyyuh/3500-w/vn_handwritten_images/data/425_185_1.jpg,gì,gì,0.9966967701911926,0,0,1
215_60_1.jpg,/kaggle/input/datasets/huyyuh/3500-w/vn_handwritten_images/data/215_60_1.jpg,tự,tộệ,0.9981658458709717,2,1,0
706_51_1.jpg,/kaggle/input/datasets/huyyuh/3500-w/vn_handwritten_images/data/706_51_1.jpg,đời,tội,0.9952957630157471,2,1,0
285_177_1.jpg,/kaggle/input/datasets/huyyuh/3500-w/vn_handwritten_images/data/285_177_1.jpg,vị,vị,0.998948335647583,0,0,1
250_95_1.jpg,/kaggle/input/datasets/huyyuh/3500-w/vn_handwritten_images/data/250_95_1.jpg,là,Lá,0.9987823367118835,1,1,0
195_128_1.jpg,/kaggle/input/datasets/huyyuh/3500-w/vn_handwritten_images/data/195_128_1.jpg,về,về,0.9998967051506042,0,0,1
133_89_1.jpg,/kaggle/input/datasets/huyyuh/3500-w/vn_handwritten_images/data/133_89_1.jpg,có,có,0.999815821647644,0,0,1
140_129_1.jpg,/kaggle/input/datasets/huyyuh/3500-w/vn_handwritten_images/data/140_129_1.jpg,Ấn,Đnp/,0.9926082491874695,3,1,0
308_76_1.jpg,/kaggle/input/datasets/huyyuh/3500-w/vn_handwritten_images/data/308_76_1.jpg,hè,hè,0.9989751577377319,0,0,1
68_178_1.jpg,/kaggle/input/datasets/huyyuh/3500-w/vn_handwritten_images/data/68_178_1.jpg,cứ,cựi,0.9990752935409546,2,1,0
145_46_1.jpg,/kaggle/input/datasets/huyyuh/3500-w/vn_handwritten_images/data/145_46_1.jpg,nói,nói,0.9979454874992371,0,0,1
363_125_1.jpg,/kaggle/input/datasets/huyyuh/3500-w/vn_handwritten_images/data/363_125_1.jpg,bằng,tuộng,0.9927380681037903,3,1,0
271_15_1.jpg,/kaggle/input/datasets/huyyuh/3500-w/vn_handwritten_images/data/271_15_1.jpg,ta,ta,0.998393177986145,0,0,1
381_7_1.jpg,/kaggle/input/datasets/huyyuh/3500-w/vn_handwritten_images/data/381_7_1.jpg,cái,cái,0.9987037181854248,0,0,1
316_86_1.jpg,/kaggle/input/datasets/huyyuh/3500-w/vn_handwritten_images/data/316_86_1.jpg,vụ,vụ,0.9984615445137024,0,0,1
140_78_1.jpg,/kaggle/input/datasets/huyyuh/3500-w/vn_handwritten_images/data/140_78_1.jpg,tại,tai,0.9975109696388245,1,1,0
248_174_1.jpg,/kaggle/input/datasets/huyyuh/3500-w/vn_handwritten_images/data/248_174_1.jpg,11,tĩP,0.9948945045471191,3,1,0
363_25_1.jpg,/kaggle/input/datasets/huyyuh/3500-w/vn_handwritten_images/data/363_25_1.jpg,gần,gần,0.9982287287712097,0,0,1
710_223_1.jpg,/kaggle/input/datasets/huyyuh/3500-w/vn_handwritten_images/data/710_223_1.jpg,tiếp,..,0.9968199729919434,4,1,0
328_212_1.jpg,/kaggle/input/datasets/huyyuh/3500-w/vn_handwritten_images/data/328_212_1.jpg,được,điưc,0.998657763004303,2,1,0
140_166_1.jpg,/kaggle/input/datasets/huyyuh/3500-w/vn_handwritten_images/data/140_166_1.jpg,người,n uầẩỗn n yệp đắc,0.9492462873458862,16,5,0
193_246_1.jpg,/kaggle/input/datasets/huyyuh/3500-w/vn_handwritten_images/data/193_246_1.jpg,đã,đãi,0.999186098575592,1,1,0
285_238_1.jpg,/kaggle/input/datasets/huyyuh/3500-w/vn_handwritten_images/data/285_238_1.jpg,và,Bp Đug,0.9879903793334961,6,2,0
140_15_1.jpg,/kaggle/input/datasets/huyyuh/3500-w/vn_handwritten_images/data/140_15_1.jpg,tấp,đấp,0.9995210766792297,1,1,0
27_240_2.jpg,/kaggle/input/datasets/huyyuh/3500-w/vn_handwritten_images/data/27_240_2.jpg,Tây,""" Đông",0.994930624961853,6,2,0
215_32_1.jpg,/kaggle/input/datasets/huyyuh/3500-w/vn_handwritten_images/data/215_32_1.jpg,cọc,cc,0.9948593378067017,1,1,0
7_137_1.jpg,/kaggle/input/datasets/huyyuh/3500-w/vn_handwritten_images/data/7_137_1.jpg,ngờ.,ngờ.,0.997613787651062,0,0,1
58_7_1.jpg,/kaggle/input/datasets/huyyuh/3500-w/vn_handwritten_images/data/58_7_1.jpg,hồ,tồờ,0.9937904477119446,2,1,0
79_111_1.jpg,/kaggle/input/datasets/huyyuh/3500-w/vn_handwritten_images/data/79_111_1.jpg,cụt,cụt,0.9979871511459351,0,0,1
285_86_1.jpg,/kaggle/input/datasets/huyyuh/3500-w/vn_handwritten_images/data/285_86_1.jpg,thu,: tur,0.9920564293861389,4,2,0
55_81_1.jpg,/kaggle/input/datasets/huyyuh/3500-w/vn_handwritten_images/data/55_81_1.jpg,chỉ,tmđ gững,0.9753966331481934,8,2,0
321_197_1.jpg,/kaggle/input/datasets/huyyuh/3500-w/vn_handwritten_images/data/321_197_1.jpg,trình,trnh,0.9946269392967224,1,1,0
425_74_1.jpg,/kaggle/input/datasets/huyyuh/3500-w/vn_handwritten_images/data/425_74_1.jpg,về,về,0.9992569088935852,0,0,1
284_187_1.jpg,/kaggle/input/datasets/huyyuh/3500-w/vn_handwritten_images/data/284_187_1.jpg,năm,trìm,0.9924542307853699,3,1,0
58_125_1.jpg,/kaggle/input/datasets/huyyuh/3500-w/vn_handwritten_images/data/58_125_1.jpg,niệm,đi ở,0.9894116520881653,3,2,0
285_25_1.jpg,/kaggle/input/datasets/huyyuh/3500-w/vn_handwritten_images/data/285_25_1.jpg,thu,Đắk,0.9940076470375061,3,1,0
516_117_1.jpg,/kaggle/input/datasets/huyyuh/3500-w/vn_handwritten_images/data/516_117_1.jpg,hoặc,6.,0.9952112436294556,4,1,0
316_118_1.jpg,/kaggle/input/datasets/huyyuh/3500-w/vn_handwritten_images/data/316_118_1.jpg,về,tiề,0.9951949119567871,2,1,0
470_177_1.jpg,/kaggle/input/datasets/huyyuh/3500-w/vn_handwritten_images/data/470_177_1.jpg,đề,đề,0.9989773035049438,0,0,1
179_108_1.jpg,/kaggle/input/datasets/huyyuh/3500-w/vn_handwritten_images/data/179_108_1.jpg,kiện,iện,0.9956333637237549,1,1,0
320_113_1.jpg,/kaggle/input/datasets/huyyuh/3500-w/vn_handwritten_images/data/320_113_1.jpg,trên,ĐĐộ,0.9936511516571045,4,1,0
271_87_1.jpg,/kaggle/input/datasets/huyyuh/3500-w/vn_handwritten_images/data/271_87_1.jpg,triệu,"- tưểi,",0.9885246753692627,6,2,0
320_172_1.jpg,/kaggle/input/datasets/huyyuh/3500-w/vn_handwritten_images/data/320_172_1.jpg,của,"đ đ r""",0.9825317859649658,6,3,0
304_145_1.jpg,/kaggle/input/datasets/huyyuh/3500-w/vn_handwritten_images/data/304_145_1.jpg,Phú,Phú,0.9985826015472412,0,0,1
140_63_1.jpg,/kaggle/input/datasets/huyyuh/3500-w/vn_handwritten_images/data/140_63_1.jpg,Định,K Hu đná,0.9768468737602234,7,3,0
519_145_1.jpg,/kaggle/input/datasets/huyyuh/3500-w/vn_handwritten_images/data/519_145_1.jpg,chứng,:2ở điãn ucc,0.9752770662307739,11,3,0
248_236_1.jpg,/kaggle/input/datasets/huyyuh/3500-w/vn_handwritten_images/data/248_236_1.jpg,ra,ri,0.9971339702606201,1,1,0
838_201_1.jpg,/kaggle/input/datasets/huyyuh/3500-w/vn_handwritten_images/data/838_201_1.jpg,dù,dù,0.9978399872779846,0,0,1
179_78_1.jpg,/kaggle/input/datasets/huyyuh/3500-w/vn_handwritten_images/data/179_78_1.jpg,ra,ta,0.9978590607643127,1,1,0
179_199_1.jpg,/kaggle/input/datasets/huyyuh/3500-w/vn_handwritten_images/data/179_199_1.jpg,của,1Đ8Aikó,0.9821024537086487,6,1,0
27_220_1.jpg,/kaggle/input/datasets/huyyuh/3500-w/vn_handwritten_images/data/27_220_1.jpg,hộ dân không thường trú tại xã Xuân Hải.,c uu hiân đưng rng. âm.,0.9518105983734131,28,9,0
486_133_1.jpg,/kaggle/input/datasets/huyyuh/3500-w/vn_handwritten_images/data/486_133_1.jpg,văn,năn,0.9970308542251587,1,1,0
193_188_1.jpg,/kaggle/input/datasets/huyyuh/3500-w/vn_handwritten_images/data/193_188_1.jpg,ương,tina,0.9914243817329407,3,1,0
534_223_1.jpg,/kaggle/input/datasets/huyyuh/3500-w/vn_handwritten_images/data/534_223_1.jpg,thêm,Thị Đgi,0.9826015830039978,5,2,0
361_6_1.jpg,/kaggle/input/datasets/huyyuh/3500-w/vn_handwritten_images/data/361_6_1.jpg,ngạt,tgạt,0.9941250681877136,1,1,0
286_130_1.jpg,/kaggle/input/datasets/huyyuh/3500-w/vn_handwritten_images/data/286_130_1.jpg,xác, đác,0.9959525465965271,2,1,0
78_143_1.jpg,/kaggle/input/datasets/huyyuh/3500-w/vn_handwritten_images/data/78_143_1.jpg,nguyện,nuyện,0.9965385794639587,1,1,0
58_169_1.jpg,/kaggle/input/datasets/huyyuh/3500-w/vn_handwritten_images/data/58_169_1.jpg,tiên,điền,0.9908571243286133,2,1,0
58_54_1.jpg,/kaggle/input/datasets/huyyuh/3500-w/vn_handwritten_images/data/58_54_1.jpg,2004,H ĐộNư n,0.9728255271911621,8,3,0
512_77_1.jpg,/kaggle/input/datasets/huyyuh/3500-w/vn_handwritten_images/data/512_77_1.jpg,HĐXX,bợ Bt sá- xá,0.9771076440811157,11,4,0
55_187_1.jpg,/kaggle/input/datasets/huyyuh/3500-w/vn_handwritten_images/data/55_187_1.jpg,đất nước.,đất nước.,0.9943984150886536,0,0,1
31_106_1.jpg,/kaggle/input/datasets/huyyuh/3500-w/vn_handwritten_images/data/31_106_1.jpg,"trại số 4 đi, vùi lấp anh em.",t0 4 4  dân n,0.9420229196548462,21,7,0
7_11_1.jpg,/kaggle/input/datasets/huyyuh/3500-w/vn_handwritten_images/data/7_11_1.jpg,vụ đông xuân.,vụ dông xuân.,0.9936234951019287,1,1,0
31_18_1.jpg,/kaggle/input/datasets/huyyuh/3500-w/vn_handwritten_images/data/31_18_1.jpg,đào 5 - 6 m / ngày.,đào 5-6 m / ngày.,0.9885187149047852,2,3,0
838_34_1.jpg,/kaggle/input/datasets/huyyuh/3500-w/vn_handwritten_images/data/838_34_1.jpg,container,đahể đ  KĐọS8. ? Ba.,0.9558536410331726,20,5,0
27_148_1.jpg,/kaggle/input/datasets/huyyuh/3500-w/vn_handwritten_images/data/27_148_1.jpg,Khai Minh.,Khai xnh.,0.9853556156158447,2,1,0
7_178_1.jpg,/kaggle/input/datasets/huyyuh/3500-w/vn_handwritten_images/data/7_178_1.jpg,vào xe cấp cứu.,vào xe cấp cứu.,0.9978905320167542,0,0,1
7_29_1.jpg,/kaggle/input/datasets/huyyuh/3500-w/vn_handwritten_images/data/7_29_1.jpg,được về nước làm việc.,về nước làm việc.,0.9918084144592285,5,1,0
7_172_1.jpg,/kaggle/input/datasets/huyyuh/3500-w/vn_handwritten_images/data/7_172_1.jpg,quên thân vì xã hội.,quân thôn và xã hội,0.993760883808136,4,4,0
7_227_1.jpg,/kaggle/input/datasets/huyyuh/3500-w/vn_handwritten_images/data/7_227_1.jpg,tưới vào cuối vụ đông xuân.,Tưới Xào cuối Vụ đông xuồn,0.977141797542572,3,2,0
27_111_1.jpg,/kaggle/input/datasets/huyyuh/3500-w/vn_handwritten_images/data/27_111_1.jpg,không dưới tiền triệu.,không dưới tiền triệu,0.9884712100028992,1,1,0
31_15_1.jpg,/kaggle/input/datasets/huyyuh/3500-w/vn_handwritten_images/data/31_15_1.jpg,hạng sang và cả quan chức nhà nước.,"hạng "" sang và cả quan chức nhỏ",0.9848378300666809,9,3,0
27_7_1.jpg,/kaggle/input/datasets/huyyuh/3500-w/vn_handwritten_images/data/27_7_1.jpg,"cuộc "" tiến công "" ra cồn Giá.","cuc "" hếi Đng "" : ra Cộn Giá.",0.9721167683601379,9,5,0
7_74_1.jpg,/kaggle/input/datasets/huyyuh/3500-w/vn_handwritten_images/data/7_74_1.jpg,đã được đưa về thị trấn này.,đã được đưa về thị trấn này.,0.9939355850219727,0,0,1
27_211_1.jpg,/kaggle/input/datasets/huyyuh/3500-w/vn_handwritten_images/data/27_211_1.jpg,"phụ xế tất bật chạy đến trình "" giấy "".","phụ xế tất bật chạy đến trình "" giấy "".",0.9855590462684631,0,0,1
7_246_1.jpg,/kaggle/input/datasets/huyyuh/3500-w/vn_handwritten_images/data/7_246_1.jpg,"trường hợp "" không nhờ cấp cứu đã... "".","trường hợp "" không nhờ cấp cứu đã... "".",0.9858817458152771,0,0,1
7_237_1.jpg,/kaggle/input/datasets/huyyuh/3500-w/vn_handwritten_images/data/7_237_1.jpg,"những mô hình thành công và chưa thành công, chỉ rõ những cách tiếp","thồng nơ lành thành công và dưa thành công, chi só những cách tếp",0.9608042240142822,12,7,0
27_79_1.jpg,/kaggle/input/datasets/huyyuh/3500-w/vn_handwritten_images/data/27_79_1.jpg,... ăn cho khỏi chết đói.,... ăn cho khỏi chết đóni.,0.9783599376678467,1,1,0
7_24_1.jpg,/kaggle/input/datasets/huyyuh/3500-w/vn_handwritten_images/data/7_24_1.jpg,đang vô tư đứng bên cửa sổ nhìn xuống sông Hàn...,tang vô tư đứng bên cửa sẽ nhìn xuống sông Hà...,0.9684441089630127,3,3,0
7_142_1.jpg,/kaggle/input/datasets/huyyuh/3500-w/vn_handwritten_images/data/7_142_1.jpg,tì này làm thành nghĩa địa Từ Thiện.,Ti này làm thành nghĩa địa tù thuận.,0.9875726699829102,4,3,0
7_244_1.jpg,/kaggle/input/datasets/huyyuh/3500-w/vn_handwritten_images/data/7_244_1.jpg,quyền ký hợp đồng tín dụng nhận vốn vay.,quyền ký hợp đông tín dụng nhận vốn vay,0.9842318892478943,2,2,0
7_183_1.jpg,/kaggle/input/datasets/huyyuh/3500-w/vn_handwritten_images/data/7_183_1.jpg,khách sạn Ngọc Vân 2 thì vẫn yên vị?,"xhơn  g90c Vân & xn. "". VYền vị.",0.955838680267334,20,8,0
7_247_1.jpg,/kaggle/input/datasets/huyyuh/3500-w/vn_handwritten_images/data/7_247_1.jpg,trên 1 triệu km2 (gấp 3 diện tích đất liền : 1 triệu km2 / 330.000 km2),rên 1 triệu km2 (gấp 3 diện tích đất liền : Nhiện m2 H3ĐVNNth),0.9412859082221985,19,7,0
27_35_1.jpg,/kaggle/input/datasets/huyyuh/3500-w/vn_handwritten_images/data/27_35_1.jpg,"các kỳ thi, và cũng là bản chất của thành công.","các kỳ thi, và cũng là bản chắt của thành côn.",0.9830132126808167,2,2,0
7_141_1.jpg,/kaggle/input/datasets/huyyuh/3500-w/vn_handwritten_images/data/7_141_1.jpg,điều này không chỉ gây khó khăn cho chủ đầu tư mà cả người dân,iều này không chỉ gây khó tăn cho chu đầu tư mà cả người ở,0.973608136177063,7,4,0
31_34_1.jpg,/kaggle/input/datasets/huyyuh/3500-w/vn_handwritten_images/data/31_34_1.jpg,"Trong khi đó, tại khu vực trạm thu phí do bị vướng giải tỏa",TH à đm 7 Xộn kiu vực trạm thu phí do bi vướng giải trả,0.9476802945137024,17,8,0
31_38_1.jpg,/kaggle/input/datasets/huyyuh/3500-w/vn_handwritten_images/data/31_38_1.jpg,"việc tốt. Chuyên môn hóa là xu hướng của phát triển, việc tốt cũng chuyên",", vê sốt.... . 1 Ni. đá "" là xae huớng của phát triển, vic tốt cũng chuyên",0.9360185265541077,23,11,0
27_238_1.jpg,/kaggle/input/datasets/huyyuh/3500-w/vn_handwritten_images/data/27_238_1.jpg,trưởng GDP trên địa bàn TP đạt 12% năm 2004 và trên 12% năm,"thưởng GDP trôn địa bàn TP đại 12), năm 2004 và tiên lở) năm",0.9733304381370544,9,6,0
27_141_1.jpg,/kaggle/input/datasets/huyyuh/3500-w/vn_handwritten_images/data/27_141_1.jpg,"tình thế và đột xuất, nhưng Cienco 5 đã không đưa ra các phương",""" thế và đột xuất, nhưng qunno 5 đà không đưa ra các phu",0.9759219884872437,13,4,0
27_162_1.jpg,/kaggle/input/datasets/huyyuh/3500-w/vn_handwritten_images/data/27_162_1.jpg,ký quyền sử dụng đất không phải là một bộ phận hành chính mà là một tổ,"1..1. đử. . Ng đết khờng  Nhặi lệ một SợPhện hịạnh chình mà lạ một, sể """,0.8965660333633423,31,16,0
7_223_1.jpg,/kaggle/input/datasets/huyyuh/3500-w/vn_handwritten_images/data/7_223_1.jpg,lên cầu thang và đi vào bên trong phòng xử rất nhanh để tránh ống kính,lên cầu thang và đi váo biên trong phòng xử sất nhanh độ tránh ống kính,0.9684547185897827,4,4,0
27_110_1.jpg,/kaggle/input/datasets/huyyuh/3500-w/vn_handwritten_images/data/27_110_1.jpg,"Trại hòm đó để chứa hòm thí, lúc nào hòm cũng chất đầy, người cho gỗ, kẻ ra","Trại. hàm đó để chữa "" hàm thí, búc nào hàm cũng chắt đầy, người cho gỗ, kẻm",0.9617675542831421,12,10,0
55_141_1.jpg,/kaggle/input/datasets/huyyuh/3500-w/vn_handwritten_images/data/55_141_1.jpg,tuyến đường. Khi gần qua trạm kiểm soát với bốn làn lưu thông,tuyến đường. Khi gòa. qua tram kiển soát với...,0.973138153553009,23,8,0
31_238_1.jpg,/kaggle/input/datasets/huyyuh/3500-w/vn_handwritten_images/data/31_238_1.jpg,các nguồn vốn cho ngân sách. Tổng kết quá trình cổ phần hóa doanh,các nguồn vốn cho ngân sách. Tổng kết quá trình cổ phần hóa doanh,0.9835822582244873,0,0,1
31_80_1.jpg,/kaggle/input/datasets/huyyuh/3500-w/vn_handwritten_images/data/31_80_1.jpg,đã phê duyệt chương trình dạy tiếng Việt cho NVƠNN.,đã phê duyệt chương trình dạy tiếng Việt cho NVƠNN.,0.9859654307365417,0,0,1
7_103_1.jpg,/kaggle/input/datasets/huyyuh/3500-w/vn_handwritten_images/data/7_103_1.jpg,"trung tâm thị trấn du lịch Cát Bà... Bắt "" cá "" ở trên trời.","trung lâm thi trến, du lịch Cát, Rồng. Bắt "" cá "" ở trên trà.",0.9576611518859863,11,6,0
7_147_1.jpg,/kaggle/input/datasets/huyyuh/3500-w/vn_handwritten_images/data/7_147_1.jpg,cứu. Buổi sáng 10 - 11 - 2003 tôi ngồi ở phòng cấp cứu 115 của Bệnh viện Trưng Vương.,cứu. Duối súng 10 - 11 - 2003 tã ngài ở phòng cấc cứu 115 của Bệnh viện Truong Vơng.,0.9486860036849976,10,7,0
7_254_1.jpg,/kaggle/input/datasets/huyyuh/3500-w/vn_handwritten_images/data/7_254_1.jpg,diện tích trên 1 triệu km2 (gấp 3 diện tích đất liền : 1 triệu km2 /,ện tích trên 1 tiệu km2 lgắp 3 diệng tích đư liền : tiiện sưi),0.9615437984466553,17,9,0
27_124_1.jpg,/kaggle/input/datasets/huyyuh/3500-w/vn_handwritten_images/data/27_124_1.jpg,"thân. Thật là khủng khiếp! "" Nhất nhật tại tù... "" : bệnh tật, roi mây,",thân Thật là tông khiếp ! Nhất 1 4 1Bêh Lại Toa này,0.938122034072876,34,13,0
27_33_1.jpg,/kaggle/input/datasets/huyyuh/3500-w/vn_handwritten_images/data/27_33_1.jpg,trường hợp thuộc thẩm quyền quyết định của UBND cấp huyện là,trường hợp thuộc thẩm quyềi quyết đnh của UND đp nuyện lã,0.9710429906845093,7,6,0
7_160_1.jpg,/kaggle/input/datasets/huyyuh/3500-w/vn_handwritten_images/data/7_160_1.jpg,"người thợ lặng người. Phía trước, hai mũi khoan chủ lực của đội khoan số 1 (Công ty","ngunt thị lặng người. Pho trát, hai nun khm chủ lực của đi khoan số 1CCông",0.9257112145423889,21,10,0
31_63_1.jpg,/kaggle/input/datasets/huyyuh/3500-w/vn_handwritten_images/data/31_63_1.jpg,báo của Phòng Tài chính - kế hoạch huyện Sông Cầu về việc trả lại tiền sử,của Phòng Tài chinh - kế hoạch huyện Sòng Cấu về việc trả lại tiền sử,0.9744639992713928,7,4,0
193_2.jpg,/kaggle/input/datasets/huyyuh/3500-w/vn_handwritten_images/data/193_2.jpg,611/4e Phan Đình Phùng P2 Thành Phố Đà Lạt Lâm Đồng,521/Ae Phan Trình Phùng P2 Thành Thố Đà Tạt Tâm Đồng Y,0.9716259837150574,10,6,0
7_40_1.jpg,/kaggle/input/datasets/huyyuh/3500-w/vn_handwritten_images/data/7_40_1.jpg,Giải pháp tạm thời này nhằm gỡ thế bí câu thúc về tiến độ cho nhà đầu tư,Gtẻ phít tạn Hời nàg nhằm gỡ thế bí câu thác về tiếh bị ău xửa đá tổi,0.9482700228691101,22,12,0
31_203_1.jpg,/kaggle/input/datasets/huyyuh/3500-w/vn_handwritten_images/data/31_203_1.jpg,""" nổi tiếng "" về chặn xe tại khu vực km 95 quốc lộ 20, địa bàn La Ngà,","ác nối tếng "" về chân xe tự khu D. %0 5quối lộ 20, địạ bàn La ngện",0.9440773129463196,18,11,0
7_226_1.jpg,/kaggle/input/datasets/huyyuh/3500-w/vn_handwritten_images/data/7_226_1.jpg,công nhân đứng ra tố cáo tiêu cực ở đường liên cảng A5 ngày xưa,công nhân đứng ra tố cáo tiêu cực ở đường tiên cảng H5 ngày rưa,0.9707228541374207,3,3,0
27_161_1.jpg,/kaggle/input/datasets/huyyuh/3500-w/vn_handwritten_images/data/27_161_1.jpg,"rộng thùng thình, gần 50 công nhân, người đứng nhìn những bạn bè","rộng thùng thinh, gần 50.... "" nhân, người đứng nhìn những bạn",0.9786816239356995,10,4,0
7_117_1.jpg,/kaggle/input/datasets/huyyuh/3500-w/vn_handwritten_images/data/7_117_1.jpg,bên trong phòng xử rất nhanh để tránh ống kính máy ảnh của các phóng,bên trong phòng xứ rất nhanh để tránh ống kính máy ảnh của các phón,0.9711156487464905,2,2,0
27_120_1.jpg,/kaggle/input/datasets/huyyuh/3500-w/vn_handwritten_images/data/27_120_1.jpg,"xe lửa đang qua khu vực này. Trong khi đó, tại khu vực trạm thu phí do"," Lom á? Đaa Kha vực Tn Bong khiđc, trá Áoạt tan tháa, pá đờ",0.9240238070487976,38,16,0
7_214_1.jpg,/kaggle/input/datasets/huyyuh/3500-w/vn_handwritten_images/data/7_214_1.jpg,triệu km2 (gấp 3 diện tích đất liền : 1 triệu km2 / 330.000 km2).,triệu km2 (gấp 3 diện tích đất liền : 1 triệu km2 / 330.000 km2).,0.9819459319114685,0,0,1
7_164_1.jpg,/kaggle/input/datasets/huyyuh/3500-w/vn_handwritten_images/data/7_164_1.jpg,"tháng 8 - 2003, thời hạn 36 tháng với loại công việc là công nhân xây dựng.","Tuoo. 4 -03, thời hạn 36 tháng với loại công việc là công nhân xây dựng.",0.9555418491363525,8,4,0
7_116_1.jpg,/kaggle/input/datasets/huyyuh/3500-w/vn_handwritten_images/data/7_116_1.jpg,Và 115 đã trở thành số điện thoại đáng tin cậy của nhiều người...,và 115 đã trở thành số điện thoại đáng tin cậy của nhiều người...,0.9774486422538757,0,0,0
195_24.jpg,/kaggle/input/datasets/huyyuh/3500-w/vn_handwritten_images/data/195_24.jpg,Tổ Kha Lâm 4 Nam Sơn Kiến An Hải Phòng,2ử 2B Đưnm Ex Lun R Hốne ,0.9555162787437439,28,10,0
31_168_1.jpg,/kaggle/input/datasets/huyyuh/3500-w/vn_handwritten_images/data/31_168_1.jpg,Trị những ngày tháng ấy mới thấy những dòng nhật ký của,Tri nhưng. Ngày Thàng ấy nới thấy những dòng nhật ký của,0.9670478105545044,5,4,0
31_148_1.jpg,/kaggle/input/datasets/huyyuh/3500-w/vn_handwritten_images/data/31_148_1.jpg,giấy tờ chưa tìm được chủ. Lại có nhiều giấy tờ bị những chủ nhân từ chối nhận,"uyênm vô vưla trìm được Qâu. Lại ""0 nhiều giề tô bị những chủ nhân từ chối nhận",0.9443651437759399,19,8,0
27_169_1.jpg,/kaggle/input/datasets/huyyuh/3500-w/vn_handwritten_images/data/27_169_1.jpg,"thọc huyết, làm sạch lông cất trong tủ lạnh, ở đây còn nuôi sống các con","huyết, làm sạch lông cất trong tủ lạnh, ở đây còn nưai sống cácc",0.9679335951805115,10,4,0
27_38_1.jpg,/kaggle/input/datasets/huyyuh/3500-w/vn_handwritten_images/data/27_38_1.jpg,người nhặt được đấy là gì. Tờ bướm Công ty Khai Minh phân phát để quảng,giười nhặt dược diy la gì tờ baơm Công ty Khai Minh phân phát để quảng,0.9591079354286194,9,6,0
193_7.jpg,/kaggle/input/datasets/huyyuh/3500-w/vn_handwritten_images/data/193_7.jpg,Cụm 1 Tdp Hải Lộc Thị Trấn Cát Hải Cát Hải Hải Phòng,Cụm 1 Tdp Hải Lộc Thị Trấn Cát Hải Cát Hải Hải Phòng,0.9882034659385681,0,0,1
27_69_1.jpg,/kaggle/input/datasets/huyyuh/3500-w/vn_handwritten_images/data/27_69_1.jpg,Quan trọng là họ đã nỗ lực hết sức để khẳng định mình. Đó là ý,Quan Sng tử lọ thc suố lực nấy xé tổ?. Pí vố N,0.9537702202796936,40,14,0
195_3.jpg,/kaggle/input/datasets/huyyuh/3500-w/vn_handwritten_images/data/195_3.jpg,Kp Phan Bội Châu Thị Trấn Dầu Giây Thống Nhất Đồng Nai,KãnDn Kn ưà Rần Đã Đoànaà  ân Phaa,0.860474705696106,41,12,0
31_215_1.jpg,/kaggle/input/datasets/huyyuh/3500-w/vn_handwritten_images/data/31_215_1.jpg,"Anh Đoàn Văn Hiếu, bí thư kiêm chủ tịch xã Thạnh Mỹ Tây, rất tâm đắc với","Anh Đoàn Văn Hiếu bí thư Bên chủ tịch xã Thạnh Mỹ Tây, rất tâm đắc với",0.9709369540214539,4,2,0
31_71_1.jpg,/kaggle/input/datasets/huyyuh/3500-w/vn_handwritten_images/data/31_71_1.jpg,"của VN, có thể là ngay tại Sea Games tới. Nhóm giải pháp cuối cùng","xa VN c thể tà ngay tạt vnng Trằnhc tới. Nhóm Đả pháp cuới, ty",0.9422823786735535,25,10,0
195_7.jpg,/kaggle/input/datasets/huyyuh/3500-w/vn_handwritten_images/data/195_7.jpg,Ấp Tân Điền Giục Tượng Châu Thành Kiên Giang,Tôn Khuhng ân Thg Tng Phúy Thuợt Tuàn ưng Qg gn,0.8938195705413818,32,11,0
31_169_1.jpg,/kaggle/input/datasets/huyyuh/3500-w/vn_handwritten_images/data/31_169_1.jpg,"thị trấn, người chủ quán có hàng ria mép trở về cho biết có cái đùi heo rừng","v trển, người dâu quản có hàng rưa múp trở vìc "" trính có ái trai heo rừng",0.9428367614746094,23,11,0
193_9.jpg,/kaggle/input/datasets/huyyuh/3500-w/vn_handwritten_images/data/193_9.jpg,Yên Sơn Thành Phố Tam Điệp Ninh Bình,nTền Sơn Thãnh Phố Tâm Điệp Ninh Bình,0.9739816188812256,5,3,0
27_174_1.jpg,/kaggle/input/datasets/huyyuh/3500-w/vn_handwritten_images/data/27_174_1.jpg,"với số lượng lớn thì ông Ba lại chỉ sang các đầu nậu ở Lâm Đồng,","với số lượng lớn thì ông Ba lại chỉ sang các đầu nậu ở Lâm công,",0.9806692600250244,2,1,0
27_194_1.jpg,/kaggle/input/datasets/huyyuh/3500-w/vn_handwritten_images/data/27_194_1.jpg,đơn từ con và coi như anh Đại không có trên cuộc đời này. Chỉ tay,ươm từ con có..m trn Đại không có tren cuộc đời này. Chỉ,0.9728343486785889,19,7,0
271_21.jpg,/kaggle/input/datasets/huyyuh/3500-w/vn_handwritten_images/data/271_21.jpg,Tổ 66 Hoà An Cẩm Lệ Đà Nẵng,Tổ 55 Nàn Đ Đần Tệ Đà Nẵng n hạ a,0.9338077902793884,18,8,0
7_208_1.jpg,/kaggle/input/datasets/huyyuh/3500-w/vn_handwritten_images/data/7_208_1.jpg,Đang lặn thì máy nén khí bị hỏng. Năm phút sau thấy bay thợ nổi lên nhưng anh,Bạng..... .... cạ..2 kếc bị vảng. V phứ rao thấy à vạ  đị rố 20... ch,0.9135985374450684,48,16,0
27_40_1.jpg,/kaggle/input/datasets/huyyuh/3500-w/vn_handwritten_images/data/27_40_1.jpg,"Tuy nhiên, khi thuận cho thu phí, HĐND cũng có cảnh báo trước : phải xem xét kỹ vì đây","KĐuuê, Ba B n  hn Nn h  Nu àn n n n Đu    n Đ ãgn",0.8029860854148865,61,20,0
27_160_1.jpg,/kaggle/input/datasets/huyyuh/3500-w/vn_handwritten_images/data/27_160_1.jpg,lâu lại phun nước ra như mưa. Tiếng ồn từ máy khoan lẫn bụi đá đã khiến,Loa lại phim nước ra như xuơi. Tếng ầu vừ xg oa cn  xc0 đã - à xế,0.9271679520606995,31,14,0
7_128_1.jpg,/kaggle/input/datasets/huyyuh/3500-w/vn_handwritten_images/data/7_128_1.jpg,nông nghiệp gặp khó khăn về nguồn nước tưới vào cuối vụ đông xuân.,"sóng nghiệp gặn, khó khăn về nguồn nước tước vào cuối vụ đông xui",0.981549859046936,8,4,0
7_91_1.jpg,/kaggle/input/datasets/huyyuh/3500-w/vn_handwritten_images/data/7_91_1.jpg,"(giá thuốc cùng loại ở nước sản xuất, ở các nước trong khu vực) để","giá Khuh ong huại ở nưa cơn xiếu, ở cai nước trung knhu việ) sả",0.9516196250915527,23,12,0
55_177_1.jpg,/kaggle/input/datasets/huyyuh/3500-w/vn_handwritten_images/data/55_177_1.jpg,đảng viên đi vào những chỗ không lành mạnh. Những dư luận liên,đàng viên đi vào những chỗ không làh mệnh. Những dư luên biên,0.9673040509223938,5,5,0
7_212_1.jpg,/kaggle/input/datasets/huyyuh/3500-w/vn_handwritten_images/data/7_212_1.jpg,Họ lập tức thông báo với người thân và bạn bè đến nộp đơn xin mua đất,"Thọ Tập đắc Thiếng Sưo với người Đì hn Tc"" ặn Kn Sn Xuu ễm Hnn Tia Đá",0.8850741982460022,33,16,0
31_57_1.jpg,/kaggle/input/datasets/huyyuh/3500-w/vn_handwritten_images/data/31_57_1.jpg,"nhá nhem tối, chúng tôi tìm đến nhà người đàn ông tên Đức nằm trên con đường",1.a.2.. ng Tôi tin đếa nhà người đần ông tân Đức..9.20 CôT.0. 97,0.9292230010032654,38,13,0
27_29_1.jpg,/kaggle/input/datasets/huyyuh/3500-w/vn_handwritten_images/data/27_29_1.jpg,"giao lưu, học tiếng Việt, đi tham quan, tìm hiểu văn hóa truyền thống.","xao lưu tọc tếng Viện đó tham quan, tìm tiểm văn hàu tmugồ tờu",0.9451301693916321,21,10,0
271_19.jpg,/kaggle/input/datasets/huyyuh/3500-w/vn_handwritten_images/data/271_19.jpg,Khu Tân Phú Thị Trấn Phú Thái Kim Thành Hải Dương,B6 2 Piế Xụi Trấn Phú Thái Kim Thành Hải Dương,0.9670851230621338,11,4,0
195_10.jpg,/kaggle/input/datasets/huyyuh/3500-w/vn_handwritten_images/data/195_10.jpg,Khu 4 Trạm Thản Phù Ninh Phú Thọ,ợị n a a2fe22 239 9 cân it 3a a đĩấ cau tểm 1 hn thn ch hum a 3ã hát hảnhi a th na ĩ n an ca nhá2 xc m ou a a ma2t m nhm xaa rma m2n am h aa3 tran 0a mnm ạm.. .T,0.5886603593826294,141,49,0
7_233_1.jpg,/kaggle/input/datasets/huyyuh/3500-w/vn_handwritten_images/data/7_233_1.jpg,triệu km2 (gấp 3 diện tích đất liền : 1 triệu km2 / 330.000 km2).,"điện Am Gấ 3yên xée đấc Mii, Gn 6a2 1300000 km/",0.926644504070282,37,15,0
31_176_1.jpg,/kaggle/input/datasets/huyyuh/3500-w/vn_handwritten_images/data/31_176_1.jpg,bị trúng thực. Cả êkip bị gã say văng tục chửi thề không,bị trúng thực. Cả ekip bị gả say văng tục chửi thề không,0.9770090579986572,2,2,0
79_24.jpg,/kaggle/input/datasets/huyyuh/3500-w/vn_handwritten_images/data/79_24.jpg,Tổ Dân Phố Dộc Tây Mỗ Nam Từ Liêm Hà Nội,Tổ Dân Phố Dộc Tây Hộ5 Vam Từ Liâm L Tộn,0.9766569137573242,9,5,0
271_17.jpg,/kaggle/input/datasets/huyyuh/3500-w/vn_handwritten_images/data/271_17.jpg,Thôn 8 Việt Cường Trấn Yên Yên Bái,Nhôn8 Việt Cường Trấn Yên Yên Rắ,0.9787688851356506,5,3,0
68_20.jpg,/kaggle/input/datasets/huyyuh/3500-w/vn_handwritten_images/data/68_20.jpg,Duy Xuyên Quảng Nam,Địng Tuếc Đà Xá N,0.9713217616081238,15,5,0
7_176_1.jpg,/kaggle/input/datasets/huyyuh/3500-w/vn_handwritten_images/data/7_176_1.jpg,nhân được cấp cứu hồi sức thì bao nhiêu khó chịu cũng,"trân tược cấy cứu hồi sự "" . thì kao ""holêu khó chựu cũng",0.9642452597618103,14,9,0
7_158_1.jpg,/kaggle/input/datasets/huyyuh/3500-w/vn_handwritten_images/data/7_158_1.jpg,"động được thực hiện từ tháng 8 - 2003, thời hạn 36 tháng với loại",động được thực hiện từ tháng 8.2003 thời hạn 36 tháng với loại,0.9774444103240967,4,3,0
193_13.jpg,/kaggle/input/datasets/huyyuh/3500-w/vn_handwritten_images/data/193_13.jpg,Trung Thôn Nhị Khê Thường Tín Hà Nội,Xunnh Xion Yên VĐ N,0.9544879198074341,25,8,0
31_240_1.jpg,/kaggle/input/datasets/huyyuh/3500-w/vn_handwritten_images/data/31_240_1.jpg,"dâng lên có chỗ ngập trên 2,5 m, với nhiều gia đình nghèo chỗ cao","dâng Lên có cỗ gộc vên hon it viên v Đìh nồng"" Tanơà",0.9253907799720764,32,12,0
7_196_1.jpg,/kaggle/input/datasets/huyyuh/3500-w/vn_handwritten_images/data/7_196_1.jpg,Và 115 đã trở thành số điện thoại đáng tin cậy của nhiều người... Theo những vòng, 15 đã trở thành sơ điện thoại đán tín cây của nhưcc ngượi... Theo nhi ng vng,0.9320436716079712,14,11,0
7_136_1.jpg,/kaggle/input/datasets/huyyuh/3500-w/vn_handwritten_images/data/7_136_1.jpg,khác. Ngoài ra những chiếc xe ben ngược chiều phóng bạt,Khác Ngưni ra nhng tước xe ngườn chiêu phóng Lạt,0.9511834383010864,16,8,0
7_56_1.jpg,/kaggle/input/datasets/huyyuh/3500-w/vn_handwritten_images/data/7_56_1.jpg,"Tuy nhiên theo các lao động này, bảy tháng qua họ chỉ có việc làm ít ngày, không có lương, bị","y nhiên, thaơ sác Bao đông này, bảy tháng qua họ chị só việc làm ít ngày, khóng có lương. Bị",0.9562370181083679,12,10,0
195_12.jpg,/kaggle/input/datasets/huyyuh/3500-w/vn_handwritten_images/data/195_12.jpg,Hồng Lạc Thanh Hà Hải Dương,a Đà PI Tha 2anu nn,0.9547502994537354,19,6,0
79_8.jpg,/kaggle/input/datasets/huyyuh/3500-w/vn_handwritten_images/data/79_8.jpg,Phượng Xuân Xuân Khang Như Thanh Thanh Hoá,Phượtg Xuận Xuân Khanga Như Thanhn Thánh Hoà,0.9784125685691833,6,6,0
193_25.jpg,/kaggle/input/datasets/huyyuh/3500-w/vn_handwritten_images/data/193_25.jpg,6 Ngách 64/53 Đặng Thai Mai Quảng An Tây Hồ Hà Nội,Ngách Bđ5 3 Đặng Phoai Mai Quảng An Tông Hồ Hà Nội,0.9550417065620422,11,5,0
79_6.jpg,/kaggle/input/datasets/huyyuh/3500-w/vn_handwritten_images/data/79_6.jpg,Trại Đồng Liên Am Vĩnh Bảo Hải Phòng,i Đồng Liêm An Vĩnh Bảo Hải Phòng,0.9877082705497742,5,3,0
68_1.jpg,/kaggle/input/datasets/huyyuh/3500-w/vn_handwritten_images/data/68_1.jpg,Thôn Trung Thành Nam Phú Tiền Hải Thái Bình,Thôn Knhà Tn  Nam Phú Tăn Tải Thái ,0.9550009369850159,15,5,0
79_16.jpg,/kaggle/input/datasets/huyyuh/3500-w/vn_handwritten_images/data/79_16.jpg,Tịnh Hoà Tp Quảng Ngãi Quảng Ngãi,Tinh Hôg Tn Quảng Nãi Quain?ĩu,0.9677479267120361,12,6,0
79_15.jpg,/kaggle/input/datasets/huyyuh/3500-w/vn_handwritten_images/data/79_15.jpg,Thôn Đoài Thanh Trù Thành Phố Vĩnh Yên Vĩnh Phúc,Thôn Goài Thanh Trù Thành Phố Vĩnh Yên Vĩnh Prúc,0.9821310043334961,2,2,0
79_19.jpg,/kaggle/input/datasets/huyyuh/3500-w/vn_handwritten_images/data/79_19.jpg,Thôn Tân Phú 1 Đinh Lạc Di Linh Lâm Đồng,Thôn Tân Phú 1 Đình Lạc Di Linh Lâm Đồng,0.9839778542518616,1,1,0
79_13.jpg,/kaggle/input/datasets/huyyuh/3500-w/vn_handwritten_images/data/79_13.jpg,Vĩnh Tiến Vĩnh Bảo Hải Phòng,"T"" Ba T8u Bi",0.9737960696220398,23,6,0
68_7.jpg,/kaggle/input/datasets/huyyuh/3500-w/vn_handwritten_images/data/68_7.jpg,Thạch Lập Ngọc Lặc Thanh Hoá,V4944 2 Na,0.965576708316803,24,6,0
68_17.jpg,/kaggle/input/datasets/huyyuh/3500-w/vn_handwritten_images/data/68_17.jpg,Phú Phụng Chợ Lách Bến Tre,,0.9999834299087524,26,6,0
31_211_1.jpg,/kaggle/input/datasets/huyyuh/3500-w/vn_handwritten_images/data/31_211_1.jpg,"các tài xế đã cho biết. Qui trình rất linh hoạt, trình giấy tại cửa trạm hoặc đưa","các tài xế đã cho biết Cui trình rất linh hoạr, trấnh giấy táo của trạm hặặc đư",0.953065812587738,9,8,0
271_13.jpg,/kaggle/input/datasets/huyyuh/3500-w/vn_handwritten_images/data/271_13.jpg,767b Phan Văn Trị Phường 67 Bình Thạnh Tp Hồ Chí Minh,Tổn/ T Phần Tân Tìn Phường Gng Bình Thành Tp Hồ Chí Minh,0.9446520209312439,15,7,0
79_11.jpg,/kaggle/input/datasets/huyyuh/3500-w/vn_handwritten_images/data/79_11.jpg,Thôn Yên Việt Đông Cứu Gia Bình Bắc Ninh,Thôn Yên Vệt Đông Cứu Gia Bình Bắc Ninh,0.9809202551841736,1,1,0
68_14.jpg,/kaggle/input/datasets/huyyuh/3500-w/vn_handwritten_images/data/68_14.jpg,Bản Cửa Rào 8 Xá Lượng Tương Dương Nghệ An,KhôhKKhĐuhn a hưauaaưu BHnhaQaahaaaaaua a aaa Pưá,0.7937073111534119,43,10,0
31_7_1.jpg,/kaggle/input/datasets/huyyuh/3500-w/vn_handwritten_images/data/31_7_1.jpg,"nhiễm mặn; sống nhờ con tôm, con cá trời cho thì chỉ qua ngày, tương lai mờ mịt",nần ạn? Ấố Hà c . - ca T Tâi T cã HĐày Đàn Kế anh,0.924435555934906,52,18,0
193_23.jpg,/kaggle/input/datasets/huyyuh/3500-w/vn_handwritten_images/data/193_23.jpg,Ấp Hội Thành Tân Hội Mỏ Cày Nam Bến Tre, Hội Phàn  Tân Hội MỹiLất Nh Bến Tre,0.969152569770813,11,5,0
58_120_1.jpg,/kaggle/input/datasets/huyyuh/3500-w/vn_handwritten_images/data/58_120_1.jpg,"Một bác tài xe ôm ngồi chờ khách ngay ngã tư nói : "" Anh cứ nhìn vào các trạm","Một bác tắi xe Ôn ngồt chờ khách quay ngã tư núi. "" Anh cứ nhìn vào cái trạn",0.9577947854995728,10,8,0
7_232_1.jpg,/kaggle/input/datasets/huyyuh/3500-w/vn_handwritten_images/data/7_232_1.jpg,Họ lập tức thông báo với người thân và bạn bè đến nộp đơn xin mua đất xây,Họ lận tức thông báo với người thân và hạn hè đến nội đơn xin mua đất xây,0.9787889719009399,4,4,0
68_11.jpg,/kaggle/input/datasets/huyyuh/3500-w/vn_handwritten_images/data/68_11.jpg,Thới Thạnh Thới Lai Tp Cần Thơ,Thộp HĐinkh Thới Kai Tp Cận TuơiY,0.9654523730278015,11,5,0
7_26.jpg,/kaggle/input/datasets/huyyuh/3500-w/vn_handwritten_images/data/7_26.jpg,Ấp Vĩnh Phong Vĩnh Quới Thị Xã Ngã Năm Sóc Trăng,Ấp  Vnh Phong Vĩnh Quới Tí Xã Ngã Măm Sá Lăng,0.9632260203361511,9,5,0
271_11.jpg,/kaggle/input/datasets/huyyuh/3500-w/vn_handwritten_images/data/271_11.jpg,63/95/78 Kp6a Đông Hưng Thuận Quận 79 Hồ Chí Minh,63/55/78 Kp Bã ông Hả 1 Thuận Quận 79h Đồ Thí Minh,0.9646183848381042,11,9,0
195_19.jpg,/kaggle/input/datasets/huyyuh/3500-w/vn_handwritten_images/data/195_19.jpg,Ấp Ba Trạch B Tân Hiệp Trà Cú Trà Vinh,Bị Tạ Luyn  Tôn Kưn Try sý La Vinh,0.9539797306060791,21,9,0
7_41_1.jpg,/kaggle/input/datasets/huyyuh/3500-w/vn_handwritten_images/data/7_41_1.jpg,"nghèo ở qui mô lớn trong nhiều khung cảnh kinh tế, xã hội và định chế.","nghèo ở quí mô lớn trong mm via khung cảnh kinơ - tế, xã đ. "" và định chế",0.9590568542480469,15,8,0
7_9_1.jpg,/kaggle/input/datasets/huyyuh/3500-w/vn_handwritten_images/data/7_9_1.jpg,Nhặt và gọi. Một ngày làm việc của anh Âm bắt đầu bằng việc làm quen với một anh,Thắ càọ Mt ngày làm vọc cửa anh tên bát đầu bằng việc làm que nười một anh,0.9466768503189087,20,10,0
195_17.jpg,/kaggle/input/datasets/huyyuh/3500-w/vn_handwritten_images/data/195_17.jpg,Mường Bú Mường La Sơn La,Leiuệ ĩn G2 2 L 2,0.9630958437919617,19,6,0
7_138_1.jpg,/kaggle/input/datasets/huyyuh/3500-w/vn_handwritten_images/data/7_138_1.jpg,"Một thanh niên mặc đồ dân phòng chờ sẵn nơi đầu hẻm đón chúng tôi. Xe dừng,",vừi. ton nên vực Đà đân thòng chờ xẵn sàng nơi đầu hẻm đón chúng tôi. Xe dừng.,0.9521915912628174,20,10,0
31_195_1.jpg,/kaggle/input/datasets/huyyuh/3500-w/vn_handwritten_images/data/31_195_1.jpg,chặt nhưng chưa có kết luận cháu bé 24 tháng tuổi này cũng nhiễm HIV.,Nái xóc cớ dác áhác Á ny thng tất nà n tại nhiễm HIV.,0.9327355623245239,38,13,0
193_18.jpg,/kaggle/input/datasets/huyyuh/3500-w/vn_handwritten_images/data/193_18.jpg,425 Tổ 9b Đồng Tâm Hai Bà Trưng Hà Nội,2u5 LyTổ 9 ồg Tâưại Bàn Tng Hà Nội Kan ha,0.9273879528045654,21,10,0
121_22.jpg,/kaggle/input/datasets/huyyuh/3500-w/vn_handwritten_images/data/121_22.jpg,Thôn H7ng Vĩ Đồng Văn Yên Lạc Vĩnh Phúc,Thôn H7ng Vĩ Đồng Vĩ Yên Lạc Vĩnh Tuu,0.9808184504508972,6,2,0
31_145_1.jpg,/kaggle/input/datasets/huyyuh/3500-w/vn_handwritten_images/data/31_145_1.jpg,"tuyến nào bao nhiêu. Trong gần 40 phút chúng tôi chứng kiến, tại tuyến trên,","uyn nào brao nhiêu. Trong gần 40 pht chúng tôi chứng kiến, tại tuyến trân,",0.9658162593841553,5,4,0
27_18_1.jpg,/kaggle/input/datasets/huyyuh/3500-w/vn_handwritten_images/data/27_18_1.jpg,"nước phong tặng danh hiệu anh hùng lao động. Trong lúc đó, công trình này (đầu tiên ở VN và là hầm","đ  un  Kãung Nã n Đãn n à  ưn  n n  nn n ã n   ỗ u n nĐn nn Đn, ng",0.7346782088279724,68,22,0
121_18.jpg,/kaggle/input/datasets/huyyuh/3500-w/vn_handwritten_images/data/121_18.jpg,776 Đường 91/1 Phường 3 Thành Phố Sóc Trăng Sóc Trăng,776 Đrưồng 2/8  Thị Sốc Trũng Sóc Trăng,0.9686048626899719,22,8,0
121_19.jpg,/kaggle/input/datasets/huyyuh/3500-w/vn_handwritten_images/data/121_19.jpg,Quảng Minh Tp Sầm Sơn Thanh Hoá,Cưng Minh Tp Sấm Sơn Thanh Hoá,0.9897533059120178,4,2,0
271_6.jpg,/kaggle/input/datasets/huyyuh/3500-w/vn_handwritten_images/data/271_6.jpg,Thôn Phúc Lai Xuân Lai Gia Bình Bắc Ninh, Thôn Phúc Lai Xuân Lai Gia Bình Bắc Ninh,0.9812929034233093,1,0,1
195_18.jpg,/kaggle/input/datasets/huyyuh/3500-w/vn_handwritten_images/data/195_18.jpg,963 Cù Chính Lan Trần Tế Xương Tp Nam Định Nam Định,32 T Või Tuih Đạm Trấn Tịgn S3S,0.9433050751686096,38,12,0
7_24.jpg,/kaggle/input/datasets/huyyuh/3500-w/vn_handwritten_images/data/7_24.jpg,Ấp Việt Kiều Suối Cát Xuân Lộc Đồng Nai,Ấp Việt Kiêu Suối Cát Xuân Lộc Đồng Nai,0.9824997186660767,1,1,0
121_8.jpg,/kaggle/input/datasets/huyyuh/3500-w/vn_handwritten_images/data/121_8.jpg,Thôn Đai Tiến Đại Đức Kim Thành Hải Dương,Tôư Đơng Đi Lơi ư Xin Tành Hải Dương,0.9635190963745117,16,7,0
121_6.jpg,/kaggle/input/datasets/huyyuh/3500-w/vn_handwritten_images/data/121_6.jpg,P478 H7 Đt Việt Hưng Giang Biên Long Biên Hà Nội,XããKoãmKnan ,0.9399135112762451,44,11,0
121_15.jpg,/kaggle/input/datasets/huyyuh/3500-w/vn_handwritten_images/data/121_15.jpg,Thôn Láng Nhớt Diên Tân Diên Khánh Khánh Hoà,Thôn Láng Nhốt Diện Tân Dưn Khánh Khánh Hoà,0.9854866862297058,4,3,0
27_63_1.jpg,/kaggle/input/datasets/huyyuh/3500-w/vn_handwritten_images/data/27_63_1.jpg,"mời về huyện Sông Cầu để nghe phổ biến chủ trương của UBND tỉnh Phú Yên,","về huyện sông Cầu để nge pho.. ó chủ trương... . UBND tỉnh Phú Yên,",0.9605833888053894,16,6,0
7_3.jpg,/kaggle/input/datasets/huyyuh/3500-w/vn_handwritten_images/data/7_3.jpg,Thanh Minh Thị Xã Phú Thọ Phú Thọ,Trun Nia Trị Ya Thưn Tọ Phưa Trọ,0.9618597626686096,16,8,0
121_14.jpg,/kaggle/input/datasets/huyyuh/3500-w/vn_handwritten_images/data/121_14.jpg,Ấp Xuân Thiện Xuân Thiện Thống Nhất Đồng Nai,ĐộĐộ ĐS8uS8 38ã S8ã Kn Đn5ãuãã gungHàĐ59 ưngĐ Sãưà à Qg àn  NĐ8ại,0.6945595741271973,50,13,0
31_183_1.jpg,/kaggle/input/datasets/huyyuh/3500-w/vn_handwritten_images/data/31_183_1.jpg,đến khách sạn mua dâm nhưng ông Phương lại không vào phòng đúng lúc,đến kháh sạn mua dâm nhưng ông Phương lạn không vào phùng đáng lúc,0.9697619080543518,4,4,0
7_53_1.jpg,/kaggle/input/datasets/huyyuh/3500-w/vn_handwritten_images/data/7_53_1.jpg,""" Tội nghiệp, họ toàn là người miền Bắc... "" - một chủ quán ở đầu thị trấn nói khi",""" Tội nghiệp, họ toàn là người triều Bắc... "". mội chủ quán ở đầu thị trấn nói khi",0.962479829788208,6,4,0
7_22.jpg,/kaggle/input/datasets/huyyuh/3500-w/vn_handwritten_images/data/7_22.jpg,Tt Nho Quan Nho Quan Ninh Bình,Tt Nho Quan Nho Quan Ninh Bìnhu,0.98966383934021,1,1,0
7_195_1.jpg,/kaggle/input/datasets/huyyuh/3500-w/vn_handwritten_images/data/7_195_1.jpg,Họ sợ. Còn vợ chồng anh Diên thì cứ ngồi cúi đầu nơi bàn nước. Anh phẫn uất :,KãKNhầ n hĐngh Bãnn Hugná1 Pg Sn Tưấ-ổ Hom -oa KĐư Đn n ãnni,0.8093974590301514,57,19,0
264_25.jpg,/kaggle/input/datasets/huyyuh/3500-w/vn_handwritten_images/data/264_25.jpg,Số 2a Cử Luyện Phường 5 Tp Tân An Long An,Ấú Lý Kâng Pưngg 5 5 Tâ An Long An,0.9555418491363525,18,7,0
27_150_1.jpg,/kaggle/input/datasets/huyyuh/3500-w/vn_handwritten_images/data/27_150_1.jpg,"trực tiếp đi bỏ hàng cho các tỉnh thành, nhưng sau đó hai người ly dị","Đrựa tiết tiho tàng cho các tỉnh thành, nhảng sau đố hai ngưiễi c ục.",0.9554190635681152,17,10,0
27_74_1.jpg,/kaggle/input/datasets/huyyuh/3500-w/vn_handwritten_images/data/27_74_1.jpg,"thùng thình, gần 50 công nhân, người đứng nhìn những bạn bè mình ở","trùng thìn gần 50 công nhân, người đứng nhòn những bạn bè mình ở",0.9635924696922302,4,3,0
27_193_1.jpg,/kaggle/input/datasets/huyyuh/3500-w/vn_handwritten_images/data/27_193_1.jpg,nhà nước và việc tổ chức sắp xếp lại doanh nghiệp nhà nước. Triển khai quyết,đẩn iđẫn Nđ đnuiề n gđ nu ầ n g n đãn đện ần gẩấ . Hu un g nh àn n nẩn ầng 9 uuấ nc pgà àngucc n nun ấy Hồn Đồn Đìn    ã   ãun ãn  n ,0.5971001386642456,105,39,0
7_154_1.jpg,/kaggle/input/datasets/huyyuh/3500-w/vn_handwritten_images/data/7_154_1.jpg,nặng giữ người dưới biển) và nối liền với bình dưỡng khí được vận hành nhờ máy thủy (máy,y giữ người dưới biển) và nổi liền với bình dưởng khí được vận hành nhờ máy thủy (mác,0.9658838510513306,7,4,0
7_45_1.jpg,/kaggle/input/datasets/huyyuh/3500-w/vn_handwritten_images/data/7_45_1.jpg,buôn nhằm hạn chế kinh doanh lòng vòng làm nâng giá thuốc; lập ngân,Hoà nà hrạạn bế hinh doanh lòng vòng làm nâng giá tuốc l gác,0.946438193321228,19,8,0
264_16.jpg,/kaggle/input/datasets/huyyuh/3500-w/vn_handwritten_images/data/264_16.jpg,Quảng Đông Tp Thanh Hoá Thanh Hoá,Kuậng Đàng N iội Tà hưhịĐàKhKaàànhan,0.8968836069107056,22,7,0
7_7.jpg,/kaggle/input/datasets/huyyuh/3500-w/vn_handwritten_images/data/7_7.jpg,Tân Lập Tân Thạnh Long An,SN X0 Lân Xrạn Long An,0.9711570739746094,9,4,0
7_11.jpg,/kaggle/input/datasets/huyyuh/3500-w/vn_handwritten_images/data/7_11.jpg,Mỹ Long Bắc Cầu Ngang Trà Vinh,Xia Xớc Tầ Xuong TX Vnh,0.962878942489624,17,7,0
264_10.jpg,/kaggle/input/datasets/huyyuh/3500-w/vn_handwritten_images/data/264_10.jpg,Bắc Ninh,PBắc NinhT Tn huha Nu hu P háCp Đã ahanhnT,0.8725224137306213,34,10,0
7_64_1.jpg,/kaggle/input/datasets/huyyuh/3500-w/vn_handwritten_images/data/7_64_1.jpg,"Bình dẫn chứng - có 109 doanh nghiệp (DN) cổ phần hóa, năm 2003 mình làm được 37.",""" ãtỡ khuứng - đó Ling đááxáct n ghặn (ĐNV cũ qmni xức, nim cen à nmgitt khm ợ733.",0.8938228487968445,53,18,0
264_0.jpg,/kaggle/input/datasets/huyyuh/3500-w/vn_handwritten_images/data/264_0.jpg,35/15 Bình Minh 6 Dĩ An Thành Phố Dĩ An Bình Dương,5/15 Bình Minh 6 Dĩ An Thanhị Nhể Đĩ An Bìn Dươngn V,0.9578736424446106,10,7,0
264_6.jpg,/kaggle/input/datasets/huyyuh/3500-w/vn_handwritten_images/data/264_6.jpg,Ấp 2 Lộ 31 Thống Nhất Đồng Nai,tp 2 Lộ 31 Thống Nhất Đồng Nai,0.9732024669647217,1,1,0
1336_samples.png,/kaggle/input/datasets/huyyuh/3500-w/vn_handwritten_images/data/1336_samples.png,"Số 292/3, KP 4, Phường Tân Biên, Thành Phố Biên Hoà, Đồng Nai",Tiần K Vă Xàãn ààn ãã Nhg ãn nà N Nga Nâu,0.8952620029449463,42,13,0
0777_samples.png,/kaggle/input/datasets/huyyuh/3500-w/vn_handwritten_images/data/0777_samples.png,"169 Nguyễn Văn Thoại, Phường An Hải Đông, Quận Sơn Trà, Đà Nẵng",Bó2 Vê San T,0.9684760570526123,56,13,0
0570_samples.png,/kaggle/input/datasets/huyyuh/3500-w/vn_handwritten_images/data/0570_samples.png,"K115/6 ông ích Khiêm, Phường Thanh Bình, Quận Hải Châu, Đà Nẵng","KH4I/6 ông Kến Huền, Pường Thoạh Bình, Guon Hải Châu",0.9641075134277344,24,9,0
0338_samples.png,/kaggle/input/datasets/huyyuh/3500-w/vn_handwritten_images/data/0338_samples.png,"Số 838, KP 2, Phường Trảng Dài, Thành phố Biên Hoà, Đồng Nai","Số R 8 B tổ, Phuờc Too Nn Đáá Hc Ron Sưg, Đngơa",0.9191166162490845,35,12,0
0408_samples.png,/kaggle/input/datasets/huyyuh/3500-w/vn_handwritten_images/data/0408_samples.png,"Tổ 30 khu 3, Phường Quán Toan, Quận Hồng Bàng, Hải Phòng","Tà 40 Th  1 Tnam Toan Thi Đưg, Hải Thai",0.9224228262901306,32,11,0
0158_samples.png,/kaggle/input/datasets/huyyuh/3500-w/vn_handwritten_images/data/0158_samples.png,"369/3D, ấp An Phong, Xã An Thạnh, Huyện Mỏ Cày Nam, Bến Tre",,0.9997191429138184,59,13,0
1333_samples.png,/kaggle/input/datasets/huyyuh/3500-w/vn_handwritten_images/data/1333_samples.png,"Thôn Văn xá, Huyện An Dương, Hải Phòng"," T, Trừn Nưng",0.9722414612770081,29,8,0
0913_samples.png,/kaggle/input/datasets/huyyuh/3500-w/vn_handwritten_images/data/0913_samples.png,"103 Lê Văn Thọ, Phường 9, Quận Gò Vấp, TP Hồ Chí Minh","103 Lê Văn Thọ, Phường 9, Quận Gò Vấp, TP Hồ Chí Minh",0.9794497489929199,0,0,1
1663_samples.png,/kaggle/input/datasets/huyyuh/3500-w/vn_handwritten_images/data/1663_samples.png,"13/6 Đường số 1, Phường An Lạc A, Quận Bình Tân, TP Hồ Chí Minh",..S121 h .1 Đn - 2ị Nân Đì Qt Hn A,0.9204345345497131,46,15,0
1412_samples.png,/kaggle/input/datasets/huyyuh/3500-w/vn_handwritten_images/data/1412_samples.png,"Đường 20-9, TT.Bắc Hà, Huyện Bắc Hà, Lào Cai","ường 20-9, TI. Bắc Hà, Hhuyện Bảc Hà, Vào Cău",0.9643866419792175,8,7,0
0853_samples.png,/kaggle/input/datasets/huyyuh/3500-w/vn_handwritten_images/data/0853_samples.png,"84 Hoàng Văn Thụ, Phường Phước Ninh, Quận Hải Châu, Đà Nẵng","221 Hưng băn Thaa, Thhng Nhuản Xosn..  àa đxo ""  i sóm..Ô"" uag.",0.8905164003372192,42,13,0
0601_samples.png,/kaggle/input/datasets/huyyuh/3500-w/vn_handwritten_images/data/0601_samples.png,"Đường Nguyễn Khuyến, KP1, Thị trấn Võ Xu, Huyện Đức Linh, Bình Thuận",5ềà ãễ Xnã à ĐãààìĐã Sà ã Nn đoa,0.9013574123382568,56,13,0
0848_samples.png,/kaggle/input/datasets/huyyuh/3500-w/vn_handwritten_images/data/0848_samples.png,"số 11 Bis, đường Nguyễn Gia Thiều, Phường 06, Quận 3, TP Hồ Chí Minh","Số 11 Bis, đường Nguyễn Giia Thuền, Phường 06, Quận 3, TP Hồ Chí Minh",0.9593497514724731,3,2,0
0232_samples.png,/kaggle/input/datasets/huyyuh/3500-w/vn_handwritten_images/data/0232_samples.png,"145 Nguyễn Đình Chính, Phường 11, Quận Phú Nhuận, TP Hồ Chí Minh",", 1Đ5 Nị tễn thm í7.. ""... 2.X đề"". "" ( Luêy.... ""  : và v """" ""... .I9.  v - 2 à ì ăn : 9",0.8473532199859619,71,27,0
1731_samples.png,/kaggle/input/datasets/huyyuh/3500-w/vn_handwritten_images/data/1731_samples.png,"Thôn Đầm môn, xã Vạn Thạnh, Huyện Vạn Ninh, Khánh Hòa","."" 8.""... ị.......... đ v ị c. : 10",0.938011884689331,45,11,0
0930_samples.png,/kaggle/input/datasets/huyyuh/3500-w/vn_handwritten_images/data/0930_samples.png,"Số 34J2, Đường DD7-1, Phường Tân Hưng Thuận, Quận 12, TP Hồ Chí Minh",S Đ484 49 T 7 Đn 2á - Huớn Krn 8 Tp NinGn ại,0.8982977867126465,45,14,0
0400_samples.png,/kaggle/input/datasets/huyyuh/3500-w/vn_handwritten_images/data/0400_samples.png,"Số 63 Thái Sơn, Xã N-Thol Hạ, Huyện Đức Trọng, Lâm Đồng"," 63 Thái Sơn, Xã NThol Hạ, Huyện Đức Trọng, Lâm Đồng",0.973304033279419,3,2,0
1266_samples.png,/kaggle/input/datasets/huyyuh/3500-w/vn_handwritten_images/data/1266_samples.png,"1071, quốc lộ 1, Phường Tân Khánh, Thành phố Tân An, Long An",10 /t Tn 11 Phú T anh Thành nh Đn hú toá,0.9181033968925476,33,12,0
0528_samples.png,/kaggle/input/datasets/huyyuh/3500-w/vn_handwritten_images/data/0528_samples.png,"Thôn Mỹ Chánh, Xã Hải Chánh, Huyện Hải Lăng, Quảng Trị","Thôn Mỹ Chnh,  Xã Đắh KHóng Hoán St Kanmg Qong",0.9383824467658997,25,8,0
0419_samples.png,/kaggle/input/datasets/huyyuh/3500-w/vn_handwritten_images/data/0419_samples.png,"Tổ 4, thôn Phước Long, Xã Tân Hoà, Huyện Tân Thành, Bà Rịa - Vũng Tàu","ồ -Ấ Đ5 P Ln, Đã SẤĐà Đun Ln ời Đ Độh - Hất Đu",0.9140211343765259,44,15,0
0382_samples.png,/kaggle/input/datasets/huyyuh/3500-w/vn_handwritten_images/data/0382_samples.png,"ấp Tân Lập, xã Vĩnh Hiệp, Thị Xã Vĩnh Châu, Sóc Trăng","ấp Tni Lập, Xã Vội Hện Thụ Xã Vĩnh Châu 5ắ Trănng",0.9649467468261719,14,7,0
0242_samples.png,/kaggle/input/datasets/huyyuh/3500-w/vn_handwritten_images/data/0242_samples.png,"ấp Đồng, Xã Phước Tân, Thành phố Biên Hoà, Đồng Nai","1 22 4 Lạc 1., Thành phố Sun Trà, Đồng Hai",0.9631282091140747,22,8,0
1552_samples.png,/kaggle/input/datasets/huyyuh/3500-w/vn_handwritten_images/data/1552_samples.png,"Số 16D/55/46 Lạch tray, Quận Lê Chân, Hải Phòng","""í "" miVHnh Luym Lộ 6..a, P. Bm đ",0.9347355961799622,36,9,0
271_25.jpg,/kaggle/input/datasets/huyyuh/3500-w/vn_handwritten_images/data/271_25.jpg,Nguyễn Thị Tần P6 Q5 Tp Hồ Chí Minh,Kguyễn Thị Tân P6 Q5 Tp Hồ Chí Minh,0.9808408617973328,2,2,0
31_185_1.jpg,/kaggle/input/datasets/huyyuh/3500-w/vn_handwritten_images/data/31_185_1.jpg,"kê bằng thân cây dừa lão xẻ ra làm sườn. Nhà có bề ngang 4 m, dài 6 m.","Nãnì XSa VI, XGoờ truàn, Xna đăm "" Sa5.. àm* Vi Nẵng 5ã đảnm Xà mà xe2 Sẽ ã Son đầy đà và "" "" đ ưđể ngề ửả.. "" à 2..à",0.7621462345123291,91,32,0
1646_samples.png,/kaggle/input/datasets/huyyuh/3500-w/vn_handwritten_images/data/1646_samples.png,"36/15A Đường Tăng Bạt Hổ, Phường 11, Quận Bình Thạnh, TP Hồ Chí Minh","VVn XSnNVg Văn Sơ, Kưầg I, Qoận Vình Trạnh, TP Vồ Chí Min",0.9204866886138916,29,12,0
1490_samples.png,/kaggle/input/datasets/huyyuh/3500-w/vn_handwritten_images/data/1490_samples.png,"44/18 Đề Pô, Phường Phước Tân, Thành phố Nha Trang, Khánh Hòa"," tin đuup ""3297 Pưng Phước Ti, Thành phố Ni ta Trưưng, Khánh Hòa",0.9281846284866333,22,8,0
0346_samples.png,/kaggle/input/datasets/huyyuh/3500-w/vn_handwritten_images/data/0346_samples.png,"Thôn 3, Xã Phùng Xá, Huyện Thạch Thất, Hà Nội"," Thám 3, Xã Pn Xã, Huện Thu Thết  Độ Nẵi",0.9512605667114258,16,8,0
1779_samples.png,/kaggle/input/datasets/huyyuh/3500-w/vn_handwritten_images/data/1779_samples.png,"Thôn Agrồng, Xã A Tiêng, Huyện Tây Giang, Quảng Nam","Thôn Hgriong, Xã A Trông, Huyện Tây Giang, Quảng Nam",0.9745416045188904,5,2,0
0489_samples.png,/kaggle/input/datasets/huyyuh/3500-w/vn_handwritten_images/data/0489_samples.png,"Số 405 Thuỵ Khuê P.Bưởi, Quận Tây Hồ, Hà Nội","Tố 4i5 Thếp Khuu R Quớn ,Quận Tâg Hồi, Hà Nộng",0.9484953284263611,17,10,0
0385_samples.png,/kaggle/input/datasets/huyyuh/3500-w/vn_handwritten_images/data/0385_samples.png,"Số 289 Nguyễn Lương Bằng, Phường Văn Đẩu, Quận Kiến An, Hải Phòng","Số Đã 9ĐuĐăm Koưc Sa, PhaahĐang Hoâ3uận Khể Đĩa RaoĐáni",0.8867363333702087,45,12,0
0494_samples.png,/kaggle/input/datasets/huyyuh/3500-w/vn_handwritten_images/data/0494_samples.png,"Số 183 Lê Thành Phương, Phường 8, TP Tuy Hoà, Phú Yên","S19 Ti Thạnh Phướng, Phường 8 PPLung Hoa, Phúc Yôên",0.9425053000450134,17,11,0
0247_samples.png,/kaggle/input/datasets/huyyuh/3500-w/vn_handwritten_images/data/0247_samples.png,"458/10/8D Huỳnh Tấn Phát, Phường Bình Thuận, Quận 7, TP Hồ Chí Minh","355/10/ 8Dn HogI Đà íc  Đ.i.N Vậ Xộ2 T."", v 2",0.9060361385345459,48,13,0
0632_samples.png,/kaggle/input/datasets/huyyuh/3500-w/vn_handwritten_images/data/0632_samples.png,"Số 10/75 Kiều Sơn, Phường Đằng Lâm, Quận Hải An, Hải Phòng",4 Biến Đihộ,0.9743401408195496,51,12,0
1315_samples.png,/kaggle/input/datasets/huyyuh/3500-w/vn_handwritten_images/data/1315_samples.png,"150B Nguyễn Văn Cừ, Thành phố Bảo Lộc, Lâm Đồng",5. LĐê1 E5 ộ  Đội,0.9422600865364075,39,10,0
0816_samples.png,/kaggle/input/datasets/huyyuh/3500-w/vn_handwritten_images/data/0816_samples.png,"540 Lê Hồng Phong, Phường 10, Quận 10, TP Hồ Chí Minh",.. T ai,0.9792987108230591,49,12,0
0574_samples.png,/kaggle/input/datasets/huyyuh/3500-w/vn_handwritten_images/data/0574_samples.png,"ấp Nhà việc, xã Châu Thới, Huyện Vĩnh Lợi, Bạc Liêu",- XXX n Kom Vàãơ XaưĐãã oàNân n Qao,0.91001957654953,43,11,0
1802_samples.png,/kaggle/input/datasets/huyyuh/3500-w/vn_handwritten_images/data/1802_samples.png,"Thị trấn xuân Trường, Huyện Xuân Trường, Nam Định","đãu uđ u. Nn h n ấny yê ni iồnhu  n ưn nyn nưyền n ãn đn nun nđnn đn nđìn nin n ãn gĩn đn iẩn ồìn n  n đ ẩn đĐãn nyn nn  nh nờn ỗn ồn nđn n n đn n đn đầĩn đ n ầãng đn Đn iên đun n đn n,",0.45719456672668457,162,56,0
1538_samples.png,/kaggle/input/datasets/huyyuh/3500-w/vn_handwritten_images/data/1538_samples.png,"506 Phú Thọ Hoà, Phường Phú Thọ Hoà, Quận Tân phú, TP Hồ Chí Minh",""", ợi Vỗ 2 ã Điận   n1 H NĐa Tàn Pu Nh N aá ",0.8627322912216187,46,15,0
0812_samples.png,/kaggle/input/datasets/huyyuh/3500-w/vn_handwritten_images/data/0812_samples.png,"ấp An Lợi, Xã An Bình A, Thị xã Hồng Ngự, Đồng Tháp","Ấp An Lới, E Đnh An  Tị Xã Nng Nóưc Tô Đrăn",0.9355548024177551,24,10,0
1195_samples.png,/kaggle/input/datasets/huyyuh/3500-w/vn_handwritten_images/data/1195_samples.png,"40/25 Bùi Viện, Phường Phạm Ngũ Lão, Quận 1, TP Hồ Chí Minh",Ấ8B8 Bin Xhiện P Hn hưĐngg Qunh Puunm N Ng Kưắt Quậm 23 TP Hồn Khí- Minh,0.888657808303833,37,15,0
0429_samples.png,/kaggle/input/datasets/huyyuh/3500-w/vn_handwritten_images/data/0429_samples.png,"74/61 Bùi Quang Là, Phường 12, Quận Gò Vấp, TP Hồ Chí Minh",". ế 4.. ... "". a2  Độ H6 H8 HSơ Tân Panê",0.9045405387878418,44,13,0
7_7_1.jpg,/kaggle/input/datasets/huyyuh/3500-w/vn_handwritten_images/data/7_7_1.jpg,Cái buổi ban đầu của Đỗi là năm 1986. Sau những lần đi thu gom tôm đất do,đái Nãng đăng đườc tăn đỗ sỗ sã tăm 190%. S u những lần đọ đi pioa đô được.,0.9011370539665222,37,18,0
27_133_1.jpg,/kaggle/input/datasets/huyyuh/3500-w/vn_handwritten_images/data/27_133_1.jpg,"Qua mấy chục cây số mênh mông là ruộng, cuối cùng cái giỏ xách đã được hoàn lại chủ.","Qua mấy chục cây số mênh mông là ruộng, cuối cùng cái giỏ xách đỡ được hoàn bị chư",0.9688889980316162,6,3,0
31_117_1.jpg,/kaggle/input/datasets/huyyuh/3500-w/vn_handwritten_images/data/31_117_1.jpg,"Như vậy, "" việc xác nhận của thứ trưởng Hà có cần thiết không? (ông Hà ký xác",đưo sát rỏ ơ nit cảo. Thái tabẻa Hà có coa thiêp không? Công Hà ký xe,0.9237697720527649,36,13,0
