filename,path,ground_truth,prediction,confidence,estimated_width,used_width,fallback_used,char_distance_lower,word_distance_lower,exact_match,initial_bucket
0158_samples.png,/kaggle/input/datasets/huyyuh/3500-w/vn_handwritten_images/data/0158_samples.png,"369/3D, ấp An Phong, Xã An Thạnh, Huyện Mỏ Cày Nam, Bến Tre",,0.9985020756721497,1712,1792,0,59,13,0,1792
0232_samples.png,/kaggle/input/datasets/huyyuh/3500-w/vn_handwritten_images/data/0232_samples.png,"145 Nguyễn Đình Chính, Phường 11, Quận Phú Nhuận, TP Hồ Chí Minh",", 1B. Nị "" tễn đuhm íđ.. ""... 2.5 IS"". ""  Lu0.... . ""  : và  """" "":... .9, và 2 2 à à ì ăn : 9",0.879659116268158,1727,2304,1,74,28,0,1792
0242_samples.png,/kaggle/input/datasets/huyyuh/3500-w/vn_handwritten_images/data/0242_samples.png,"ấp Đồng, Xã Phước Tân, Thành phố Biên Hoà, Đồng Nai",". 2 4 Lạ4 1. Thành phố Sun Tà, Đồng Hai",0.9613381028175354,1729,2304,1,24,8,0,1792
0247_samples.png,/kaggle/input/datasets/huyyuh/3500-w/vn_handwritten_images/data/0247_samples.png,"458/10/8D Huỳnh Tấn Phát, Phường Bình Thuận, Quận 7, TP Hồ Chí Minh","355/10/ 8Dn TongI Đ c c11 2.i.N V Xộ2 T."". v 2",0.9345503449440002,1744,2304,1,48,13,0,1792
0338_samples.png,/kaggle/input/datasets/huyyuh/3500-w/vn_handwritten_images/data/0338_samples.png,"Số 838, KP 2, Phường Trảng Dài, Thành phố Biên Hoà, Đồng Nai",Số R E  tổ PBuờc Poo Nn Điá Hc Ron SưgĐngơa,0.937076210975647,1711,2304,1,40,12,0,1792
0346_samples.png,/kaggle/input/datasets/huyyuh/3500-w/vn_handwritten_images/data/0346_samples.png,"Thôn 3, Xã Phùng Xá, Huyện Thạch Thất, Hà Nội"," Tháb2 3, Xã PXng Xã, Huiện Th Thết : Độ Ni",0.9639327526092529,1744,2304,1,17,9,0,1792
0382_samples.png,/kaggle/input/datasets/huyyuh/3500-w/vn_handwritten_images/data/0382_samples.png,"ấp Tân Lập, xã Vĩnh Hiệp, Thị Xã Vĩnh Châu, Sóc Trăng","ấp Tni Lập, Xã Vội Hện Thạ Xã Vĩ Châu. 5ắ Trăng",0.9742124080657959,1729,2304,1,15,7,0,1792
0385_samples.png,/kaggle/input/datasets/huyyuh/3500-w/vn_handwritten_images/data/0385_samples.png,"Số 289 Nguyễn Lương Bằng, Phường Văn Đẩu, Quận Kiến An, Hải Phòng",Đố8 Đã 9QauĐăm Kưo Sa PaahĐong Ngâ3 uan Kh ưgHĐ Raáni,0.9017719030380249,1744,2304,1,46,13,0,1792
0400_samples.png,/kaggle/input/datasets/huyyuh/3500-w/vn_handwritten_images/data/0400_samples.png,"Số 63 Thái Sơn, Xã N-Thol Hạ, Huyện Đức Trọng, Lâm Đồng"," 63 Thái Sơn, Xã NThol Hạ, Huyện Đức Trọng, Lâm Đồng",0.973540186882019,1728,1792,0,3,2,0,1792
0408_samples.png,/kaggle/input/datasets/huyyuh/3500-w/vn_handwritten_images/data/0408_samples.png,"Tổ 30 khu 3, Phường Quán Toan, Quận Hồng Bàng, Hải Phòng","Tấ 10 Thg 14 Tnam Con Th Đưg, Hải Nhai",0.9464808106422424,1712,2304,1,34,11,0,1792
0419_samples.png,/kaggle/input/datasets/huyyuh/3500-w/vn_handwritten_images/data/0419_samples.png,"Tổ 4, thôn Phước Long, Xã Tân Hoà, Huyện Tân Thành, Bà Rịa - Vũng Tàu","Ấ -Ấ ĐẤ5 Ns Ln, Đã tĐG R ng n tp Đà Rộh - Hứt Đu",0.9288802146911621,1729,2304,1,43,15,0,1792
0429_samples.png,/kaggle/input/datasets/huyyuh/3500-w/vn_handwritten_images/data/0429_samples.png,"74/61 Bùi Quang Là, Phường 12, Quận Gò Vấp, TP Hồ Chí Minh",". ế 1... "" 4.4. ""...ụ1... ộ H6.. 48 SSơ Tên Pauế",0.9178804159164429,1760,2304,1,49,13,0,1792
0489_samples.png,/kaggle/input/datasets/huyyuh/3500-w/vn_handwritten_images/data/0489_samples.png,"Số 405 Thuỵ Khuê P.Bưởi, Quận Tây Hồ, Hà Nội","Tố 4u5 Thếp Khuu R Quớn , Quận Tâg Hồi, Hà Nộng",0.9590163826942444,1744,2304,1,16,10,0,1792
0494_samples.png,/kaggle/input/datasets/huyyuh/3500-w/vn_handwritten_images/data/0494_samples.png,"Số 183 Lê Thành Phương, Phường 8, TP Tuy Hoà, Phú Yên","S12 Tài Thạnh Phướng, Phường 8 PPhung Hoà, Phúc Yôn",0.9535707235336304,1744,2304,1,17,10,0,1792
0528_samples.png,/kaggle/input/datasets/huyyuh/3500-w/vn_handwritten_images/data/0528_samples.png,"Thôn Mỹ Chánh, Xã Hải Chánh, Huyện Hải Lăng, Quảng Trị","Thôn Mỹ Chãnh,  Xã Hoh KHóni Hoá Snt Knmg Qng",0.9544355273246765,1728,2304,1,25,8,0,1792
0570_samples.png,/kaggle/input/datasets/huyyuh/3500-w/vn_handwritten_images/data/0570_samples.png,"K115/6 ông ích Khiêm, Phường Thanh Bình, Quận Hải Châu, Đà Nẵng","KH4.I/6 ông đến Huển, Pưỡng Thoạn Bình, Gua Hải Châu",0.9732680320739746,1710,2304,1,28,9,0,1792
0574_samples.png,/kaggle/input/datasets/huyyuh/3500-w/vn_handwritten_images/data/0574_samples.png,"ấp Nhà việc, xã Châu Thới, Huyện Vĩnh Lợi, Bạc Liêu",T ãXn đàm Km Vàã XưSãã Xà àNà Ng Qao,0.9145777225494385,1745,2304,1,41,11,0,1792
0601_samples.png,/kaggle/input/datasets/huyyuh/3500-w/vn_handwritten_images/data/0601_samples.png,"Đường Nguyễn Khuyến, KP1, Thị trấn Võ Xu, Huyện Đức Linh, Bình Thuận",Sồàã Đễ Xn ã àà ĐàààĐĐ Bà ã gn aa,0.919183075428009,1727,2304,1,56,13,0,1792
0632_samples.png,/kaggle/input/datasets/huyyuh/3500-w/vn_handwritten_images/data/0632_samples.png,"Số 10/75 Kiều Sơn, Phường Đằng Lâm, Quận Hải An, Hải Phòng",4 Huế2 iêLộ,0.9770335555076599,1744,1792,0,53,12,0,1792
0777_samples.png,/kaggle/input/datasets/huyyuh/3500-w/vn_handwritten_images/data/0777_samples.png,"169 Nguyễn Văn Thoại, Phường An Hải Đông, Quận Sơn Trà, Đà Nẵng",Bó2 Đoê San Tc.,0.9721754789352417,1710,2304,1,56,13,0,1792
0812_samples.png,/kaggle/input/datasets/huyyuh/3500-w/vn_handwritten_images/data/0812_samples.png,"ấp An Lợi, Xã An Bình A, Thị xã Hồng Ngự, Đồng Tháp","Ấp An Lợi, Đ Đnã An ạ TĐị Xã Đng Nực Tyên Đăn",0.9533771276473999,1746,2304,1,22,9,0,1792
0816_samples.png,/kaggle/input/datasets/huyyuh/3500-w/vn_handwritten_images/data/0816_samples.png,"540 Lê Hồng Phong, Phường 10, Quận 10, TP Hồ Chí Minh",... 2 Ai,0.9792025089263916,1745,1792,0,50,12,0,1792
0848_samples.png,/kaggle/input/datasets/huyyuh/3500-w/vn_handwritten_images/data/0848_samples.png,"số 11 Bis, đường Nguyễn Gia Thiều, Phường 06, Quận 3, TP Hồ Chí Minh","Số 11 Bis, đườnng Nguyễn Giia Thuền, Phường 06, Quận 3, TP Hồ Chí Minh",0.9694865942001343,1727,2304,1,4,3,0,1792
0853_samples.png,/kaggle/input/datasets/huyyuh/3500-w/vn_handwritten_images/data/0853_samples.png,"84 Hoàng Văn Thụ, Phường Phước Ninh, Quận Hải Châu, Đà Nẵng","""21 Hưg bău Thaa, Nhng Nản Xosn...  à đa đ xo ""  i só. ""...."" u.g.",0.9038360118865967,1727,2304,1,49,16,0,1792
0913_samples.png,/kaggle/input/datasets/huyyuh/3500-w/vn_handwritten_images/data/0913_samples.png,"103 Lê Văn Thọ, Phường 9, Quận Gò Vấp, TP Hồ Chí Minh","103 Lê Văn Thọ, Phường 9, Quận Gò Vấp, TP Hồ Chí Minh",0.9773313999176025,1726,1792,0,0,0,1,1792
0930_samples.png,/kaggle/input/datasets/huyyuh/3500-w/vn_handwritten_images/data/0930_samples.png,"Số 34J2, Đường DD7-1, Phường Tân Hưng Thuận, Quận 12, TP Hồ Chí Minh",S Đ4Ấ4297 72 Đợ1 2. - Huớc Kro 6 Tp Ngá G Lại,0.9280049204826355,1728,2304,1,50,13,0,1792
1195_samples.png,/kaggle/input/datasets/huyyuh/3500-w/vn_handwritten_images/data/1195_samples.png,"40/25 Bùi Viện, Phường Phạm Ngũ Lão, Quận 1, TP Hồ Chí Minh","81B8 Đh KHing P Hạh uĐng Qunh, Puum  NSg Kưắ Quậm 23 Tp Hồn Khí Mưn",0.8953827619552612,1748,2304,1,40,15,0,1792
121_14.jpg,/kaggle/input/datasets/huyyuh/3500-w/vn_handwritten_images/data/121_14.jpg,Ấp Xuân Thiện Xuân Thiện Thống Nhất Đồng Nai,"Độ hộn pỗS8ãuSỗ8a 8ã Đđì Kãucng Đã n NàS Lã uu cã gu Ng Sản g Hặn Đ5n3 Sc T7 33g ã Vộn Sãy uaã ng nV29ã ãu g uãn g nh2 đu n g Đn Đã uĐTn n Đn g đkn Xàn ãn D a V2 ầáng g ẩn "". "" hm Đ5nỗ ỗ2 5 8  ại,",0.47700101137161255,1513,1792,1,169,58,0,1536
121_15.jpg,/kaggle/input/datasets/huyyuh/3500-w/vn_handwritten_images/data/121_15.jpg,Thôn Láng Nhớt Diên Tân Diên Khánh Khánh Hoà,Thôn Láng Nhốt Diện Tân Dưn Khánh Khánh Hoà ,0.9680047631263733,1500,1792,1,5,3,0,1536
121_18.jpg,/kaggle/input/datasets/huyyuh/3500-w/vn_handwritten_images/data/121_18.jpg,776 Đường 91/1 Phường 3 Thành Phố Sóc Trăng Sóc Trăng,776 Đrưồng 2/8. TSi Sốc Trưng Sóc Trăng,0.9630883932113647,1476,1792,1,24,8,0,1536
121_19.jpg,/kaggle/input/datasets/huyyuh/3500-w/vn_handwritten_images/data/121_19.jpg,Quảng Minh Tp Sầm Sơn Thanh Hoá,Cưng Minh Tp Sấm Sơn Thanh Hoá,0.9820113778114319,1477,1536,0,4,2,0,1536
121_22.jpg,/kaggle/input/datasets/huyyuh/3500-w/vn_handwritten_images/data/121_22.jpg,Thôn H7ng Vĩ Đồng Văn Yên Lạc Vĩnh Phúc,Thôn H7ng Vĩ Đồng Iĩ Yên Lạc Vĩnh Tuu,0.9818119406700134,1465,1536,0,7,2,0,1536
121_6.jpg,/kaggle/input/datasets/huyyuh/3500-w/vn_handwritten_images/data/121_6.jpg,P478 H7 Đt Việt Hưng Giang Biên Long Biên Hà Nội,ããnKoãm KãàaĐn an,0.925176739692688,1489,1792,1,43,11,0,1536
121_8.jpg,/kaggle/input/datasets/huyyuh/3500-w/vn_handwritten_images/data/121_8.jpg,Thôn Đai Tiến Đại Đức Kim Thành Hải Dương,Tư Đưng Đi Lợi Đư Kin Tành Hải Dương,0.968731701374054,1488,1792,1,15,7,0,1536
1266_samples.png,/kaggle/input/datasets/huyyuh/3500-w/vn_handwritten_images/data/1266_samples.png,"1071, quốc lộ 1, Phường Tân Khánh, Thành phố Tân An, Long An",1ộ /t Tn 11 Phú Tọ Banh Thành nh Đn Pháctoá,0.9430971145629883,1728,2304,1,35,12,0,1792
1315_samples.png,/kaggle/input/datasets/huyyuh/3500-w/vn_handwritten_images/data/1315_samples.png,"150B Nguyễn Văn Cừ, Thành phố Bảo Lộc, Lâm Đồng",5..-Đã1E5Eđ EàĐội,0.9634266495704651,1744,2304,1,43,10,0,1792
1333_samples.png,/kaggle/input/datasets/huyyuh/3500-w/vn_handwritten_images/data/1333_samples.png,"Thôn Văn xá, Huyện An Dương, Hải Phòng"," P, Trừa Nưng",0.9736403822898865,1725,1792,0,30,8,0,1792
1336_samples.png,/kaggle/input/datasets/huyyuh/3500-w/vn_handwritten_images/data/1336_samples.png,"Số 292/3, KP 4, Phường Tân Biên, Thành Phố Biên Hoà, Đồng Nai",Và K Vàn Nàn àn Xã ãn N ãnn à Ko NgaN a,0.9179064631462097,1693,2304,1,44,13,0,1792
133_89_1.jpg,/kaggle/input/datasets/huyyuh/3500-w/vn_handwritten_images/data/133_89_1.jpg,có,có,0.9997239708900452,98,1024,0,0,0,1,1024
140_129_1.jpg,/kaggle/input/datasets/huyyuh/3500-w/vn_handwritten_images/data/140_129_1.jpg,Ấn,Đp/,0.9904316067695618,98,1024,0,3,1,0,1024
140_15_1.jpg,/kaggle/input/datasets/huyyuh/3500-w/vn_handwritten_images/data/140_15_1.jpg,tấp,đấp,0.9991496801376343,125,1024,0,1,1,0,1024
140_166_1.jpg,/kaggle/input/datasets/huyyuh/3500-w/vn_handwritten_images/data/140_166_1.jpg,người,p uầỗn nh uyệp đắc,0.9357713460922241,116,1536,1,17,5,0,1024
140_63_1.jpg,/kaggle/input/datasets/huyyuh/3500-w/vn_handwritten_images/data/140_63_1.jpg,Định,K H un đĩn,0.9692608118057251,150,1536,1,9,4,0,1024
140_78_1.jpg,/kaggle/input/datasets/huyyuh/3500-w/vn_handwritten_images/data/140_78_1.jpg,tại,tại,0.9958603382110596,110,1024,0,0,0,1,1024
1412_samples.png,/kaggle/input/datasets/huyyuh/3500-w/vn_handwritten_images/data/1412_samples.png,"Đường 20-9, TT.Bắc Hà, Huyện Bắc Hà, Lào Cai","ường 20-9, TI. Bắc Hn, Hhuyện Bảc Hà, Vào Cău",0.970065176486969,1727,2304,1,9,8,0,1792
145_46_1.jpg,/kaggle/input/datasets/huyyuh/3500-w/vn_handwritten_images/data/145_46_1.jpg,nói,nói,0.9973483681678772,104,1024,0,0,0,1,1024
1490_samples.png,/kaggle/input/datasets/huyyuh/3500-w/vn_handwritten_images/data/1490_samples.png,"44/18 Đề Pô, Phường Phước Tân, Thành phố Nha Trang, Khánh Hòa",", Kin yup ""329 7 Pưng Phước Ti, Thhị phố Rơi tha Trưưng, Khnh Hoa",0.9397872090339661,1743,2304,1,30,13,0,1792
1538_samples.png,/kaggle/input/datasets/huyyuh/3500-w/vn_handwritten_images/data/1538_samples.png,"506 Phú Thọ Hoà, Phường Phú Thọ Hoà, Quận Tân phú, TP Hồ Chí Minh",""", đậi Tỗ 239 ỗng ĐậI ặ 8 T K Đn u,  P N Đa Tng uà KP ĐĐ Paá",0.8626265525817871,1746,2304,1,49,20,0,1792
1552_samples.png,/kaggle/input/datasets/huyyuh/3500-w/vn_handwritten_images/data/1552_samples.png,"Số 16D/55/46 Lạch tray, Quận Lê Chân, Hải Phòng",""" "" niv Hênh Luim "": ""..4, P.. Ô đ",0.9513844847679138,1730,2304,1,37,10,0,1792
1646_samples.png,/kaggle/input/datasets/huyyuh/3500-w/vn_handwritten_images/data/1646_samples.png,"36/15A Đường Tăng Bạt Hổ, Phường 11, Quận Bình Thạnh, TP Hồ Chí Minh","VVn XSnNVăNn Văn S, Kưg , Qoậm Vìh Trạnh, TP Vồ Chí Min",0.9413411021232605,1742,2304,1,31,12,0,1792
1663_samples.png,/kaggle/input/datasets/huyyuh/3500-w/vn_handwritten_images/data/1663_samples.png,"13/6 Đường số 1, Phường An Lạc A, Quận Bình Tân, TP Hồ Chí Minh","..Ở""21 1.S 4.1 Đ - 2. Nâi  Đ ì C01 H ộ",0.9280141592025757,1726,2304,1,50,15,0,1792
1731_samples.png,/kaggle/input/datasets/huyyuh/3500-w/vn_handwritten_images/data/1731_samples.png,"Thôn Đầm môn, xã Vạn Thạnh, Huyện Vạn Ninh, Khánh Hòa",".. 8.""... ị.......... đ vi có. : I. 9",0.9499960541725159,1727,2304,1,45,11,0,1792
1779_samples.png,/kaggle/input/datasets/huyyuh/3500-w/vn_handwritten_images/data/1779_samples.png,"Thôn Agrồng, Xã A Tiêng, Huyện Tây Giang, Quảng Nam","Thôn Hgriong, Xã A Trông, Huyện Tây Giang, Quảng Nam",0.9721486568450928,1744,1792,0,5,2,0,1792
179_108_1.jpg,/kaggle/input/datasets/huyyuh/3500-w/vn_handwritten_images/data/179_108_1.jpg,kiện,"tRiệ,",0.987810492515564,145,1024,0,3,1,0,1024
179_199_1.jpg,/kaggle/input/datasets/huyyuh/3500-w/vn_handwritten_images/data/179_199_1.jpg,của,1ĐCAikó,0.978215217590332,173,1536,1,6,1,0,1024
179_78_1.jpg,/kaggle/input/datasets/huyyuh/3500-w/vn_handwritten_images/data/179_78_1.jpg,ra,ta,0.9925554990768433,168,1024,0,1,1,0,1024
1802_samples.png,/kaggle/input/datasets/huyyuh/3500-w/vn_handwritten_images/data/1802_samples.png,"Thị trấn xuân Trường, Huyện Xuân Trường, Nam Định","đỗãu uguẫn uợ"" ""N un nh ền ny yồy ìn in đn đuẩn nđền đền đ nđỗãnđỗn đpuđn đuđĩng đn nđì n niun n ãn gĩ n đn iĩn Đồìn n n đ n ẩn đẫãn đấy n u  h n hờn  n ồn unđn n n n n đn đĩn đ n đãngđn Đ n iến đun n đn sn",0.5454083681106567,1745,2304,1,182,61,0,1792
193_13.jpg,/kaggle/input/datasets/huyyuh/3500-w/vn_handwritten_images/data/193_13.jpg,Trung Thôn Nhị Khê Thường Tín Hà Nội,Xunnh XiN Yăn VĐà Nni,0.9534034132957458,1355,1792,1,24,8,0,1536
193_18.jpg,/kaggle/input/datasets/huyyuh/3500-w/vn_handwritten_images/data/193_18.jpg,425 Tổ 9b Đồng Tâm Hai Bà Trưng Hà Nội,đự 5 Ly T ổ 9 Đg Tâưại Đàn Tng Hà Nệi Bn ha,0.9186423420906067,1456,1792,1,25,13,0,1536
193_188_1.jpg,/kaggle/input/datasets/huyyuh/3500-w/vn_handwritten_images/data/193_188_1.jpg,ương,Hina,0.982530951499939,189,1024,0,3,1,0,1024
193_2.jpg,/kaggle/input/datasets/huyyuh/3500-w/vn_handwritten_images/data/193_2.jpg,611/4e Phan Đình Phùng P2 Thành Phố Đà Lạt Lâm Đồng,521/Ae Phan Trình Phùng P2 Thành Thố Đà Tạt Tâm Đồng Y,0.9728813171386719,1121,1792,1,10,6,0,1536
193_23.jpg,/kaggle/input/datasets/huyyuh/3500-w/vn_handwritten_images/data/193_23.jpg,Ấp Hội Thành Tân Hội Mỏ Cày Nam Bến Tre,Ấ Hội Phan  Tân Hợi MảiLất Nh Bến Tre,0.9686633348464966,1404,1792,1,12,6,0,1536
193_246_1.jpg,/kaggle/input/datasets/huyyuh/3500-w/vn_handwritten_images/data/193_246_1.jpg,đã,đãi,0.9973706007003784,118,1024,0,1,1,0,1024
193_25.jpg,/kaggle/input/datasets/huyyuh/3500-w/vn_handwritten_images/data/193_25.jpg,6 Ngách 64/53 Đặng Thai Mai Quảng An Tây Hồ Hà Nội,Ngạc8 Bđc5 3 Đằng Phoai Mai Quưg An Đông Hồ Hà Nội,0.9594736099243164,1364,1792,1,17,7,0,1536
193_7.jpg,/kaggle/input/datasets/huyyuh/3500-w/vn_handwritten_images/data/193_7.jpg,Cụm 1 Tdp Hải Lộc Thị Trấn Cát Hải Cát Hải Hải Phòng,Cụm 1 Tdp Hải Lộc Thị Trấn Cát Hải Cát Hải Hải Phòng,0.9846256971359253,1219,1536,0,0,0,1,1536
193_9.jpg,/kaggle/input/datasets/huyyuh/3500-w/vn_handwritten_images/data/193_9.jpg,Yên Sơn Thành Phố Tam Điệp Ninh Bình,nưền Sờn Thãnh Phố Tâm Điệp Ninh Bình,0.971251368522644,1261,1792,1,6,4,0,1536
195_10.jpg,/kaggle/input/datasets/huyyuh/3500-w/vn_handwritten_images/data/195_10.jpg,Khu 4 Trạm Thản Phù Ninh Phú Thọ,"ợị 4 Qo a2 fe 2 239 ọ9 cân it 3a a đấ cau tểm 1 hn n ch hunm ả 3ã há t hảnhi a th ta ĩn en ca há xcnm ou a a ma2t m nhưm xaa rmatn m an rạm h aa3 tran ma rnm ạ m.. . P""",0.6113888621330261,1325,1792,1,148,52,0,1536
195_12.jpg,/kaggle/input/datasets/huyyuh/3500-w/vn_handwritten_images/data/195_12.jpg,Hồng Lạc Thanh Hà Hải Dương,a Đà. PI Tha Ea  au à Nnn,0.9438592791557312,1361,1792,1,19,8,0,1536
195_128_1.jpg,/kaggle/input/datasets/huyyuh/3500-w/vn_handwritten_images/data/195_128_1.jpg,về,về,0.9998148083686829,93,1024,0,0,0,1,1024
195_17.jpg,/kaggle/input/datasets/huyyuh/3500-w/vn_handwritten_images/data/195_17.jpg,Mường Bú Mường La Sơn La,bkiđvệ ớn G2 22 L 2,0.9636046886444092,1441,1792,1,19,6,0,1536
195_18.jpg,/kaggle/input/datasets/huyyuh/3500-w/vn_handwritten_images/data/195_18.jpg,963 Cù Chính Lan Trần Tế Xương Tp Nam Định Nam Định,"3ự T Või TpT Đạ Đrấn Ti -gin, S3S",0.9426755905151367,1483,1792,1,38,12,0,1536
195_19.jpg,/kaggle/input/datasets/huyyuh/3500-w/vn_handwritten_images/data/195_19.jpg,Ấp Ba Trạch B Tân Hiệp Trà Cú Trà Vinh,Bị Jạ Luyn 8 Tôn Kưn Truy sý L Vinh,0.9573337435722351,1424,1792,1,22,9,0,1536
195_24.jpg,/kaggle/input/datasets/huyyuh/3500-w/vn_handwritten_images/data/195_24.jpg,Tổ Kha Lâm 4 Nam Sơn Kiến An Hải Phòng,2ử L Đưne Ex Lu R Lốna ,0.9565133452415466,1194,1792,1,30,10,0,1536
195_3.jpg,/kaggle/input/datasets/huyyuh/3500-w/vn_handwritten_images/data/195_3.jpg,Kp Phan Bội Châu Thị Trấn Dầu Giây Thống Nhất Đồng Nai,đãẩHDon Knh nhưà Rn Đn Đưưnoà nẩà Kận Pnhakha,0.8446510434150696,1228,1792,1,42,12,0,1536
195_7.jpg,/kaggle/input/datasets/huyyuh/3500-w/vn_handwritten_images/data/195_7.jpg,Ấp Tân Điền Giục Tượng Châu Thành Kiên Giang,Pôn Khuêng Kaan Nht Tgyêg Phúy Thuợtc Tuàn Kưng Q4 an,0.9008723497390747,1260,1792,1,36,11,0,1536
215_32_1.jpg,/kaggle/input/datasets/huyyuh/3500-w/vn_handwritten_images/data/215_32_1.jpg,cọc,cặc,0.9958707690238953,129,1024,0,1,1,0,1024
215_60_1.jpg,/kaggle/input/datasets/huyyuh/3500-w/vn_handwritten_images/data/215_60_1.jpg,tự,tộệ,0.9970391988754272,77,1024,0,2,1,0,1024
248_174_1.jpg,/kaggle/input/datasets/huyyuh/3500-w/vn_handwritten_images/data/248_174_1.jpg,11,tỉt,0.995138943195343,114,1024,0,3,1,0,1024
248_236_1.jpg,/kaggle/input/datasets/huyyuh/3500-w/vn_handwritten_images/data/248_236_1.jpg,ra,ra,0.9957656264305115,156,1024,0,0,0,1,1024
250_95_1.jpg,/kaggle/input/datasets/huyyuh/3500-w/vn_handwritten_images/data/250_95_1.jpg,là,Lá,0.9984204173088074,91,1024,0,1,1,0,1024
264_0.jpg,/kaggle/input/datasets/huyyuh/3500-w/vn_handwritten_images/data/264_0.jpg,35/15 Bình Minh 6 Dĩ An Thành Phố Dĩ An Bình Dương,5/15 Bình Minh 6 Dĩ A Thanhị Nhể Đĩ A Bìn Dường n V,0.9653560519218445,1651,2304,1,14,10,0,1792
264_10.jpg,/kaggle/input/datasets/huyyuh/3500-w/vn_handwritten_images/data/264_10.jpg,Bắc Ninh,1nP2Bắc NinhnT Tn auha uno Ni PPha gáCn Đã àáQnh N,0.8917243480682373,1634,2304,1,42,11,0,1792
264_16.jpg,/kaggle/input/datasets/huyyuh/3500-w/vn_handwritten_images/data/264_16.jpg,Quảng Đông Tp Thanh Hoá Thanh Hoá,KKuận g  Đưng 46 c ThPhưhưưưhKGàànnhận,0.9120189547538757,1615,2304,1,25,7,0,1792
264_25.jpg,/kaggle/input/datasets/huyyuh/3500-w/vn_handwritten_images/data/264_25.jpg,Số 2a Cử Luyện Phường 5 Tp Tân An Long An,Ấn L Nhng Phườngg 5 5 Tâ An Long An,0.9670125842094421,1571,2304,1,16,7,0,1792
264_6.jpg,/kaggle/input/datasets/huyyuh/3500-w/vn_handwritten_images/data/264_6.jpg,Ấp 2 Lộ 31 Thống Nhất Đồng Nai,Ấp 2 Lộ 31 Thống Nhất Đồng Nai,0.9770908951759338,1686,1792,0,0,0,1,1792
271_11.jpg,/kaggle/input/datasets/huyyuh/3500-w/vn_handwritten_images/data/271_11.jpg,63/95/78 Kp6a Đông Hưng Thuận Quận 79 Hồ Chí Minh,63/55/78 Kp Bã ông Hả 1 Thuận Quận 79nh Đổ Thí Minh,0.9645370244979858,1423,1792,1,13,9,0,1536
271_13.jpg,/kaggle/input/datasets/huyyuh/3500-w/vn_handwritten_images/data/271_13.jpg,767b Phan Văn Trị Phường 67 Bình Thạnh Tp Hồ Chí Minh,Tổn/ T Phần Tâ Nàn Phường GĐồng Bình Thành Tp Hồ Chí Minh,0.9321586489677429,1386,1792,1,19,7,0,1536
271_15_1.jpg,/kaggle/input/datasets/huyyuh/3500-w/vn_handwritten_images/data/271_15_1.jpg,ta,ta,0.9974362850189209,108,1024,0,0,0,1,1024
271_17.jpg,/kaggle/input/datasets/huyyuh/3500-w/vn_handwritten_images/data/271_17.jpg,Thôn 8 Việt Cường Trấn Yên Yên Bái,hôn8 Việt Cường Trấn Yên Yêng Rắ,0.9749712944030762,1336,1536,0,6,4,0,1536
271_19.jpg,/kaggle/input/datasets/huyyuh/3500-w/vn_handwritten_images/data/271_19.jpg,Khu Tân Phú Thị Trấn Phú Thái Kim Thành Hải Dương,Béc 2 Piế Xụi Trấn Phú Thái Kim Thành Hải Dương,0.97065269947052,1322,1792,1,11,4,0,1536
271_21.jpg,/kaggle/input/datasets/huyyuh/3500-w/vn_handwritten_images/data/271_21.jpg,Tổ 66 Hoà An Cẩm Lệ Đà Nẵng,ổ 55 Nnà Đ Đần Tề Đà Nẵngn h a. a100 ,0.914374589920044,1290,1792,1,24,10,0,1536
271_25.jpg,/kaggle/input/datasets/huyyuh/3500-w/vn_handwritten_images/data/271_25.jpg,Nguyễn Thị Tần P6 Q5 Tp Hồ Chí Minh,Kguyễn Thị Tân P6 Q5 Tp Hồ Chí Minh,0.981518566608429,1732,1792,0,2,2,0,1792
271_6.jpg,/kaggle/input/datasets/huyyuh/3500-w/vn_handwritten_images/data/271_6.jpg,Thôn Phúc Lai Xuân Lai Gia Bình Bắc Ninh, Thôn Phúc Lai Xuân Lai Gia Bình Bắc Ninh,0.9774953126907349,1481,1536,0,1,0,1,1536
271_87_1.jpg,/kaggle/input/datasets/huyyuh/3500-w/vn_handwritten_images/data/271_87_1.jpg,triệu,"- đuởi,",0.9765287041664124,148,1024,0,7,2,0,1024
27_110_1.jpg,/kaggle/input/datasets/huyyuh/3500-w/vn_handwritten_images/data/27_110_1.jpg,"Trại hòm đó để chứa hòm thí, lúc nào hòm cũng chất đầy, người cho gỗ, kẻ ra","Trại. hàm đó để chữa "" hòm thí, búc nào hàm cũng chắt đầy, người cho gỡ, kẻm",0.9564481377601624,1019,1536,1,12,10,0,1024
27_111_1.jpg,/kaggle/input/datasets/huyyuh/3500-w/vn_handwritten_images/data/27_111_1.jpg,không dưới tiền triệu.,không dưới tiền triệu,0.9795176982879639,638,1024,0,1,1,0,1024
27_120_1.jpg,/kaggle/input/datasets/huyyuh/3500-w/vn_handwritten_images/data/27_120_1.jpg,"xe lửa đang qua khu vực này. Trong khi đó, tại khu vực trạm thu phí do"," Lom 2? Đaa Kha vực Tn Bong khiđc, trá đoợt tan tháa pá đờ",0.9223650097846985,1170,1792,1,37,16,0,1536
27_124_1.jpg,/kaggle/input/datasets/huyyuh/3500-w/vn_handwritten_images/data/27_124_1.jpg,"thân. Thật là khủng khiếp! "" Nhất nhật tại tù... "" : bệnh tật, roi mây,","thân Thật là Hông khiếp !"" Nhất 1ạ 0  1Bêh Lại Toa nấy",0.9355862140655518,1074,1792,1,31,13,0,1536
27_133_1.jpg,/kaggle/input/datasets/huyyuh/3500-w/vn_handwritten_images/data/27_133_1.jpg,"Qua mấy chục cây số mênh mông là ruộng, cuối cùng cái giỏ xách đã được hoàn lại chủ.","Qua mấy chục cây số mênh mông là ruộng, cuối cùng cái giỏ xách đỡ được hoàn bị chủ.",0.9751758575439453,1820,2304,0,4,2,0,2304
27_141_1.jpg,/kaggle/input/datasets/huyyuh/3500-w/vn_handwritten_images/data/27_141_1.jpg,"tình thế và đột xuất, nhưng Cienco 5 đã không đưa ra các phương",""" thế và đột xuất, nhưng qunno 5 đà không đưa ra các phú",0.9744818210601807,1003,1536,1,13,4,0,1024
27_148_1.jpg,/kaggle/input/datasets/huyyuh/3500-w/vn_handwritten_images/data/27_148_1.jpg,Khai Minh.,Khai Mnh,0.9801974296569824,450,1024,0,2,1,0,1024
27_150_1.jpg,/kaggle/input/datasets/huyyuh/3500-w/vn_handwritten_images/data/27_150_1.jpg,"trực tiếp đi bỏ hàng cho các tỉnh thành, nhưng sau đó hai người ly dị","Đrựa tiế điho thàng cho các tỉnh thành, nhảng sau đố hai ngưiễi c ọc.",0.9653713703155518,1586,2304,1,16,10,0,1792
27_160_1.jpg,/kaggle/input/datasets/huyyuh/3500-w/vn_handwritten_images/data/27_160_1.jpg,lâu lại phun nước ra như mưa. Tiếng ồn từ máy khoan lẫn bụi đá đã khiến,Loa lại phim nước ra như xmuơi. Tếg ầu nừ xg toa đn xc0 đã -à xế,0.9250106811523438,1302,1792,1,31,13,0,1536
27_161_1.jpg,/kaggle/input/datasets/huyyuh/3500-w/vn_handwritten_images/data/27_161_1.jpg,"rộng thùng thình, gần 50 công nhân, người đứng nhìn những bạn bè","rộng thùng thinh, gần 50.... "" nhân, người đứng nhìn những bạn",0.9714047312736511,1150,1536,0,10,4,0,1536
27_162_1.jpg,/kaggle/input/datasets/huyyuh/3500-w/vn_handwritten_images/data/27_162_1.jpg,ký quyền sử dụng đất không phải là một bộ phận hành chính mà là một tổ,"..1. đử. . Ng đết tưhờ g c ""ặ Lệ một SợPhện ịạnh chình mà lạ một, v """,0.8844164609909058,1008,1536,1,34,18,0,1024
27_169_1.jpg,/kaggle/input/datasets/huyyuh/3500-w/vn_handwritten_images/data/27_169_1.jpg,"thọc huyết, làm sạch lông cất trong tủ lạnh, ở đây còn nuôi sống các con","huyết, làm sạch lông cất trong tủ lạnh, ở đây còn nưa sống cácc",0.9690768122673035,1214,1792,1,11,4,0,1536
27_174_1.jpg,/kaggle/input/datasets/huyyuh/3500-w/vn_handwritten_images/data/27_174_1.jpg,"với số lượng lớn thì ông Ba lại chỉ sang các đầu nậu ở Lâm Đồng,","với số lượng lớn thì ông Ba lại chỉ sang các đầu nậu ở Lâm công,",0.9744215607643127,1268,1536,0,2,1,0,1536
27_18_1.jpg,/kaggle/input/datasets/huyyuh/3500-w/vn_handwritten_images/data/27_18_1.jpg,"nước phong tặng danh hiệu anh hùng lao động. Trong lúc đó, công trình này (đầu tiên ở VN và là hầm","đỗ ung ãg u ng ẩ Lã nung nã ận đẩn  nn,  à  uưnghĩn n ãu  n đẩnng n gy ĩnuận nã nun ẵã gã nã g   unấ ỗ u n g ẩn SĐn, ã gẩn Đn Đng",0.6220601797103882,1467,1792,1,96,38,0,1536
27_193_1.jpg,/kaggle/input/datasets/huyyuh/3500-w/vn_handwritten_images/data/27_193_1.jpg,nhà nước và việc tổ chức sắp xếp lại doanh nghiệp nhà nước. Triển khai quyết,"đẫn uẫn đã đn điđềngnu nu ền nđcng đn đặn đĐ n đẩp . "" ng up Pu đầu đn Đy nĩ đn uẩẫn ầng  9 uuấ n iợ pgấn ần guiccu ặn địnun gTẫ đẩấy Hửn đn iìề n đ đĩn đ ã đuãc đunu đnãugcn đẫãn gặ nặn  n.",0.6264061331748962,1598,2304,1,159,51,0,1792
27_194_1.jpg,/kaggle/input/datasets/huyyuh/3500-w/vn_handwritten_images/data/27_194_1.jpg,đơn từ con và coi như anh Đại không có trên cuộc đời này. Chỉ tay,ươm từ con có..m trn Đại không có tren cuộc đời này. Chỉ,0.9726625084877014,1277,1792,1,19,7,0,1536
27_211_1.jpg,/kaggle/input/datasets/huyyuh/3500-w/vn_handwritten_images/data/27_211_1.jpg,"phụ xế tất bật chạy đến trình "" giấy "".","phụ xế tất bật chạy đến trình "" giấy "".",0.9758763909339905,673,1024,0,0,0,1,1024
27_220_1.jpg,/kaggle/input/datasets/huyyuh/3500-w/vn_handwritten_images/data/27_220_1.jpg,hộ dân không thường trú tại xã Xuân Hải.,c tu hiân đường rng. ầm.,0.9440609216690063,183,1536,1,28,9,0,1024
27_238_1.jpg,/kaggle/input/datasets/huyyuh/3500-w/vn_handwritten_images/data/27_238_1.jpg,trưởng GDP trên địa bàn TP đạt 12% năm 2004 và trên 12% năm,"thưởng GDP trôn địa bàn TP đại 12), năm 2004 và tiên lở) năm",0.9697992205619812,959,1536,1,9,6,0,1024
27_240_2.jpg,/kaggle/input/datasets/huyyuh/3500-w/vn_handwritten_images/data/27_240_2.jpg,Tây,""" Đông",0.992910623550415,125,1024,0,6,2,0,1024
27_29_1.jpg,/kaggle/input/datasets/huyyuh/3500-w/vn_handwritten_images/data/27_29_1.jpg,"giao lưu, học tiếng Việt, đi tham quan, tìm hiểu văn hóa truyền thống.","xao lhu tọc tếng Viện đó tham quan, tìm tiểm văn hàu tmegồ tờu",0.9460744261741638,1320,1792,1,23,10,0,1536
27_33_1.jpg,/kaggle/input/datasets/huyyuh/3500-w/vn_handwritten_images/data/27_33_1.jpg,trường hợp thuộc thẩm quyền quyết định của UBND cấp huyện là,trường hợp thuộc thẩm quyềi quyết đnh của UND đp nuyện là,0.9681996703147888,1092,1792,1,6,5,0,1536
27_35_1.jpg,/kaggle/input/datasets/huyyuh/3500-w/vn_handwritten_images/data/27_35_1.jpg,"các kỳ thi, và cũng là bản chất của thành công.","các kỳ thi, và cũng là bản chắt của thành cônh.",0.9707693457603455,890,1024,0,2,2,0,1024
27_38_1.jpg,/kaggle/input/datasets/huyyuh/3500-w/vn_handwritten_images/data/27_38_1.jpg,người nhặt được đấy là gì. Tờ bướm Công ty Khai Minh phân phát để quảng,giười nhặt đượợc điấy rờ gì tờ baơm Công ty Khai Minh phân phát để quảng,0.962911069393158,1214,1792,1,9,6,0,1536
27_40_1.jpg,/kaggle/input/datasets/huyyuh/3500-w/vn_handwritten_images/data/27_40_1.jpg,"Tuy nhiên, khi thuận cho thu phí, HĐND cũng có cảnh báo trước : phải xem xét kỹ vì đây",2 ỗuê u  B2 n imĐ Yệ Mn Nhycnh Ph Dn HĐn đ Đã ĐXn Đồn gìn ĩ n n Đu nh n n uấn HĐồần gồn ngiuĐn Đn Đã nhưẩn Tã nà Đi nN ẵãng ẩn ịc,0.6161903738975525,1293,1792,1,98,38,0,1536
27_63_1.jpg,/kaggle/input/datasets/huyyuh/3500-w/vn_handwritten_images/data/27_63_1.jpg,"mời về huyện Sông Cầu để nghe phổ biến chủ trương của UBND tỉnh Phú Yên,","về luyện sông Cầu để nge pho..  ó chủ trương... "". UBND tỉnh Phú Yên,",0.960564374923706,1501,1792,1,18,7,0,1536
27_69_1.jpg,/kaggle/input/datasets/huyyuh/3500-w/vn_handwritten_images/data/27_69_1.jpg,Quan trọng là họ đã nỗ lực hết sức để khẳng định mình. Đó là ý,"Quan ng, t lọ đc suố lực nấyh xé tổ? Pí vỡ N",0.9510089755058289,1221,1792,1,40,14,0,1536
27_74_1.jpg,/kaggle/input/datasets/huyyuh/3500-w/vn_handwritten_images/data/27_74_1.jpg,"thùng thình, gần 50 công nhân, người đứng nhìn những bạn bè mình ở","tràng thưng gần 50 công nhân, người đứng nhòn những bạn bè mình ở",0.9710084795951843,1598,2304,1,6,3,0,1792
27_79_1.jpg,/kaggle/input/datasets/huyyuh/3500-w/vn_handwritten_images/data/27_79_1.jpg,... ăn cho khỏi chết đói.,... ăn cho khỏi chết đóni.,0.9765605330467224,723,1536,1,1,1,0,1024
27_7_1.jpg,/kaggle/input/datasets/huyyuh/3500-w/vn_handwritten_images/data/27_7_1.jpg,"cuộc "" tiến công "" ra cồn Giá.","cuc "" hếi Đng "" : ra Cộn Giá.",0.9716926217079163,664,1536,1,9,5,0,1024
284_187_1.jpg,/kaggle/input/datasets/huyyuh/3500-w/vn_handwritten_images/data/284_187_1.jpg,năm,tìm,0.9899868369102478,137,1024,0,2,1,0,1024
285_177_1.jpg,/kaggle/input/datasets/huyyuh/3500-w/vn_handwritten_images/data/285_177_1.jpg,vị,vị,0.9988811016082764,85,1024,0,0,0,1,1024
285_238_1.jpg,/kaggle/input/datasets/huyyuh/3500-w/vn_handwritten_images/data/285_238_1.jpg,và,B Đuậ,0.9740587472915649,122,1024,0,5,2,0,1024
285_25_1.jpg,/kaggle/input/datasets/huyyuh/3500-w/vn_handwritten_images/data/285_25_1.jpg,thu,P,0.9925209283828735,138,1024,0,3,1,0,1024
285_86_1.jpg,/kaggle/input/datasets/huyyuh/3500-w/vn_handwritten_images/data/285_86_1.jpg,thu,: tu1,0.9888663291931152,134,1024,0,4,2,0,1024
286_130_1.jpg,/kaggle/input/datasets/huyyuh/3500-w/vn_handwritten_images/data/286_130_1.jpg,xác, đcc,0.9921237230300903,195,1024,0,3,1,0,1024
304_145_1.jpg,/kaggle/input/datasets/huyyuh/3500-w/vn_handwritten_images/data/304_145_1.jpg,Phú,Phú,0.9972509741783142,148,1024,0,0,0,1,1024
308_76_1.jpg,/kaggle/input/datasets/huyyuh/3500-w/vn_handwritten_images/data/308_76_1.jpg,hè,hè,0.998626708984375,103,1024,0,0,0,1,1024
316_118_1.jpg,/kaggle/input/datasets/huyyuh/3500-w/vn_handwritten_images/data/316_118_1.jpg,về,tửề,0.9897505640983582,141,1024,0,2,1,0,1024
316_86_1.jpg,/kaggle/input/datasets/huyyuh/3500-w/vn_handwritten_images/data/316_86_1.jpg,vụ,vụ,0.9975512623786926,110,1024,0,0,0,1,1024
31_106_1.jpg,/kaggle/input/datasets/huyyuh/3500-w/vn_handwritten_images/data/31_106_1.jpg,"trại số 4 đi, vùi lấp anh em.",t0 4 y uâấ u4u..,0.9298662543296814,293,1536,1,21,7,0,1024
31_117_1.jpg,/kaggle/input/datasets/huyyuh/3500-w/vn_handwritten_images/data/31_117_1.jpg,"Như vậy, "" việc xác nhận của thứ trưởng Hà có cần thiết không? (ông Hà ký xác",đỏo sát rỏ Đ nit cảo. Thới yabẻđ Hà có coa thiệy không? Công Hà ký xáo,0.940200686454773,1837,2304,0,36,13,0,2304
31_145_1.jpg,/kaggle/input/datasets/huyyuh/3500-w/vn_handwritten_images/data/31_145_1.jpg,"tuyến nào bao nhiêu. Trong gần 40 phút chúng tôi chứng kiến, tại tuyến trên,","uyn nào brao nhiêu. Trong gần 40 pht chúng tôi chứng kiến, tại tuyến trân,",0.9644882678985596,1467,1792,1,5,4,0,1536
31_148_1.jpg,/kaggle/input/datasets/huyyuh/3500-w/vn_handwritten_images/data/31_148_1.jpg,giấy tờ chưa tìm được chủ. Lại có nhiều giấy tờ bị những chủ nhân từ chối nhận,"uyênm vô vưla tìm được Qưu. Lại ""0 nhiều giề tô bị những chủ nhân từ chối nhận",0.9445763230323792,1206,1792,1,18,7,0,1536
31_15_1.jpg,/kaggle/input/datasets/huyyuh/3500-w/vn_handwritten_images/data/31_15_1.jpg,hạng sang và cả quan chức nhà nước.,"hạng "" sang và cả quan chức nhỏ",0.9749964475631714,662,1024,0,9,3,0,1024
31_168_1.jpg,/kaggle/input/datasets/huyyuh/3500-w/vn_handwritten_images/data/31_168_1.jpg,Trị những ngày tháng ấy mới thấy những dòng nhật ký của,Tri nhưng. Ngày Thàng ấy nới thấy những dòng nhật ký của,0.970507800579071,1206,1792,1,5,4,0,1536
31_169_1.jpg,/kaggle/input/datasets/huyyuh/3500-w/vn_handwritten_images/data/31_169_1.jpg,"thị trấn, người chủ quán có hàng ria mép trở về cho biết có cái đùi heo rừng","v Trển, người Đảu quản có hàng rưa múp trở vìc "" trính có áic trai heo rừng",0.944186270236969,1260,1792,1,24,11,0,1536
31_176_1.jpg,/kaggle/input/datasets/huyyuh/3500-w/vn_handwritten_images/data/31_176_1.jpg,bị trúng thực. Cả êkip bị gã say văng tục chửi thề không,bị trúng thực. Cả ekip bị gả say văng tục chửi thề không,0.975116491317749,1328,1536,0,2,2,0,1536
31_183_1.jpg,/kaggle/input/datasets/huyyuh/3500-w/vn_handwritten_images/data/31_183_1.jpg,đến khách sạn mua dâm nhưng ông Phương lại không vào phòng đúng lúc,đến kháh sạn mua dâm nhưng ông Phương lạn không vào phùng đáng lúc,0.9666063189506531,1524,1792,1,4,4,0,1536
31_185_1.jpg,/kaggle/input/datasets/huyyuh/3500-w/vn_handwritten_images/data/31_185_1.jpg,"kê bằng thân cây dừa lão xẻ ra làm sườn. Nhà có bề ngang 4 m, dài 6 m.","""ã n ì ""VXã Sa VII, XGođi Trunà, Xna đăm "" S5.. "" ùm* V"" đĩnh g5ã đinm xXà "" mà *2 2 Sẽ đế Son đầh "" đà và "" "" 8 ưắệ ngưề Nửả.. "" à 2.. "".",0.7999374270439148,1740,2304,1,109,40,0,1792
31_18_1.jpg,/kaggle/input/datasets/huyyuh/3500-w/vn_handwritten_images/data/31_18_1.jpg,đào 5 - 6 m / ngày.,đào 5-6 m / ngày.,0.9809703826904297,405,1024,0,2,3,0,1024
31_195_1.jpg,/kaggle/input/datasets/huyyuh/3500-w/vn_handwritten_images/data/31_195_1.jpg,chặt nhưng chưa có kết luận cháu bé 24 tháng tuổi này cũng nhiễm HIV.,NNsi xéc cớ dái đác Á y tưng tất nà n tại nhiễm HIV.,0.93791264295578,1446,1792,1,40,13,0,1536
31_203_1.jpg,/kaggle/input/datasets/huyyuh/3500-w/vn_handwritten_images/data/31_203_1.jpg,""" nổi tiếng "" về chặn xe tại khu vực km 95 quốc lộ 20, địa bàn La Ngà,","ác nối tếng "" về chân xe tự khu D. %0 5quối lộ 20, địạ bàn La ngện",0.9441051483154297,1130,1792,1,18,11,0,1536
31_211_1.jpg,/kaggle/input/datasets/huyyuh/3500-w/vn_handwritten_images/data/31_211_1.jpg,"các tài xế đã cho biết. Qui trình rất linh hoạt, trình giấy tại cửa trạm hoặc đưa","các tài xế đã cho biết Cuí trình rất linh hoạr, trấnh giấy táo của trạm hặặc đư",0.9548009037971497,1385,1792,1,10,8,0,1536
31_215_1.jpg,/kaggle/input/datasets/huyyuh/3500-w/vn_handwritten_images/data/31_215_1.jpg,"Anh Đoàn Văn Hiếu, bí thư kiêm chủ tịch xã Thạnh Mỹ Tây, rất tâm đắc với","Anh Đoàn Văn Hiếu bí thư Bun chủ tịch xã Thạnh Mỹ Tây, rất tâm đắc với",0.9739959239959717,1237,1792,1,5,2,0,1536
31_238_1.jpg,/kaggle/input/datasets/huyyuh/3500-w/vn_handwritten_images/data/31_238_1.jpg,các nguồn vốn cho ngân sách. Tổng kết quá trình cổ phần hóa doanh,các nguồn vốn cho ngân sách. Tổng kết quá trnh cổ phần hóa doanh,0.9806941151618958,1035,1536,0,1,1,0,1536
31_240_1.jpg,/kaggle/input/datasets/huyyuh/3500-w/vn_handwritten_images/data/31_240_1.jpg,"dâng lên có chỗ ngập trên 2,5 m, với nhiều gia đình nghèo chỗ cao","dâng Lên có Qỗ gộc vên Kn gin Viêm V Đà nồng"" Tanơà",0.9273356795310974,1356,1792,1,37,12,0,1536
31_34_1.jpg,/kaggle/input/datasets/huyyuh/3500-w/vn_handwritten_images/data/31_34_1.jpg,"Trong khi đó, tại khu vực trạm thu phí do bị vướng giải tỏa",THh à đm 7 Xội Kiu vực trạm thu phí do bị vướng giải trả,0.9385945200920105,941,1536,1,15,7,0,1024
31_38_1.jpg,/kaggle/input/datasets/huyyuh/3500-w/vn_handwritten_images/data/31_38_1.jpg,"việc tốt. Chuyên môn hóa là xu hướng của phát triển, việc tốt cũng chuyên",", vê sốt.... . "" Ni"". ớ. "" là xae huỡng của phát triển, vic tốt cũng chuyên",0.928020179271698,945,1536,1,25,11,0,1024
31_57_1.jpg,/kaggle/input/datasets/huyyuh/3500-w/vn_handwritten_images/data/31_57_1.jpg,"nhá nhem tối, chúng tôi tìm đến nhà người đàn ông tên Đức nằm trên con đường","H.a..đ.  ng Tôi tin đếa nhà người đần ông tân Đức.""..9.20 CôT.. 97",0.9292135834693909,1311,1792,1,36,13,0,1536
31_63_1.jpg,/kaggle/input/datasets/huyyuh/3500-w/vn_handwritten_images/data/31_63_1.jpg,báo của Phòng Tài chính - kế hoạch huyện Sông Cầu về việc trả lại tiền sử,của Phòng Tài chinh - kế hoạch huyện Sòng Cấu về việc trả lại tiền sử,0.9717579483985901,1111,1536,0,7,4,0,1536
31_71_1.jpg,/kaggle/input/datasets/huyyuh/3500-w/vn_handwritten_images/data/31_71_1.jpg,"của VN, có thể là ngay tại Sea Games tới. Nhóm giải pháp cuối cùng","xua ""Nn á thể tà ngay tạt vnng Trặnhc tới. Nhóm Đả pháp cuới, ưy",0.9466580748558044,1244,1792,1,27,10,0,1536
31_7_1.jpg,/kaggle/input/datasets/huyyuh/3500-w/vn_handwritten_images/data/31_7_1.jpg,"nhiễm mặn; sống nhờ con tôm, con cá trời cho thì chỉ qua ngày, tương lai mờ mịt",nần ộc? Ấố H 4 ..  ca T Tri T sã HĐày Độn Kế nh,0.9286761283874512,1394,1792,1,54,18,0,1536
31_80_1.jpg,/kaggle/input/datasets/huyyuh/3500-w/vn_handwritten_images/data/31_80_1.jpg,đã phê duyệt chương trình dạy tiếng Việt cho NVƠNN.,đã phê duyệt chương trình dạy tiếng Việt cho NVƠNN.,0.9841094613075256,1040,1536,0,0,0,1,1536
320_113_1.jpg,/kaggle/input/datasets/huyyuh/3500-w/vn_handwritten_images/data/320_113_1.jpg,trên,ĐĐ,0.9825143814086914,146,1024,0,4,1,0,1024
320_172_1.jpg,/kaggle/input/datasets/huyyuh/3500-w/vn_handwritten_images/data/320_172_1.jpg,của,đi đì m,0.9739212989807129,148,1024,0,7,3,0,1024
321_197_1.jpg,/kaggle/input/datasets/huyyuh/3500-w/vn_handwritten_images/data/321_197_1.jpg,trình,trnh,0.9921740889549255,134,1024,0,1,1,0,1024
328_212_1.jpg,/kaggle/input/datasets/huyyuh/3500-w/vn_handwritten_images/data/328_212_1.jpg,được,điưc,0.9967584609985352,116,1024,0,2,1,0,1024
361_6_1.jpg,/kaggle/input/datasets/huyyuh/3500-w/vn_handwritten_images/data/361_6_1.jpg,ngạt,thgạt,0.9824521541595459,192,1024,0,2,1,0,1024
363_125_1.jpg,/kaggle/input/datasets/huyyuh/3500-w/vn_handwritten_images/data/363_125_1.jpg,bằng,tuộng,0.9880837798118591,105,1024,0,3,1,0,1024
363_25_1.jpg,/kaggle/input/datasets/huyyuh/3500-w/vn_handwritten_images/data/363_25_1.jpg,gần,gần,0.9972262978553772,115,1024,0,0,0,1,1024
381_7_1.jpg,/kaggle/input/datasets/huyyuh/3500-w/vn_handwritten_images/data/381_7_1.jpg,cái,cái,0.9973536133766174,109,1024,0,0,0,1,1024
425_185_1.jpg,/kaggle/input/datasets/huyyuh/3500-w/vn_handwritten_images/data/425_185_1.jpg,gì,gì,0.9964163899421692,68,1024,0,0,0,1,1024
425_74_1.jpg,/kaggle/input/datasets/huyyuh/3500-w/vn_handwritten_images/data/425_74_1.jpg,về,về,0.9969536662101746,135,1024,0,0,0,1,1024
470_177_1.jpg,/kaggle/input/datasets/huyyuh/3500-w/vn_handwritten_images/data/470_177_1.jpg,đề,đề,0.9982360005378723,145,1024,0,0,0,1,1024
486_133_1.jpg,/kaggle/input/datasets/huyyuh/3500-w/vn_handwritten_images/data/486_133_1.jpg,văn,nặn,0.9917709231376648,183,1024,0,2,1,0,1024
512_77_1.jpg,/kaggle/input/datasets/huyyuh/3500-w/vn_handwritten_images/data/512_77_1.jpg,HĐXX,ở? 2t sá- xá,0.9738103151321411,256,1536,1,11,4,0,1024
516_117_1.jpg,/kaggle/input/datasets/huyyuh/3500-w/vn_handwritten_images/data/516_117_1.jpg,hoặc,6...,0.9890596866607666,140,1024,0,4,1,0,1024
519_145_1.jpg,/kaggle/input/datasets/huyyuh/3500-w/vn_handwritten_images/data/519_145_1.jpg,chứng,"""  Ở điãn ucc",0.9707858562469482,152,1536,1,12,4,0,1024
534_223_1.jpg,/kaggle/input/datasets/huyyuh/3500-w/vn_handwritten_images/data/534_223_1.jpg,thêm,Thị Đig,0.9765976667404175,192,1536,1,5,2,0,1024
55_141_1.jpg,/kaggle/input/datasets/huyyuh/3500-w/vn_handwritten_images/data/55_141_1.jpg,tuyến đường. Khi gần qua trạm kiểm soát với bốn làn lưu thông,tuyến đường. Khi gòa. qua tram kiển soát với...,0.9692140817642212,1024,1536,1,23,8,0,1024
55_177_1.jpg,/kaggle/input/datasets/huyyuh/3500-w/vn_handwritten_images/data/55_177_1.jpg,đảng viên đi vào những chỗ không lành mạnh. Những dư luận liên,đàng viên đi vào những chỗ không làh mệnh. Những dư luên biên,0.9672674536705017,1311,1792,1,5,5,0,1536
55_187_1.jpg,/kaggle/input/datasets/huyyuh/3500-w/vn_handwritten_images/data/55_187_1.jpg,đất nước.,đất nước.,0.9905387759208679,259,1024,0,0,0,1,1024
55_81_1.jpg,/kaggle/input/datasets/huyyuh/3500-w/vn_handwritten_images/data/55_81_1.jpg,chỉ,tm đ nung?,0.9703478217124939,134,1536,1,10,3,0,1024
58_120_1.jpg,/kaggle/input/datasets/huyyuh/3500-w/vn_handwritten_images/data/58_120_1.jpg,"Một bác tài xe ôm ngồi chờ khách ngay ngã tư nói : "" Anh cứ nhìn vào các trạm","Một bác tắi xe Ôn ngồt chờ khách quay ngã tư núi. "" Anh cứ nhìn vào cái trạn",0.9594177603721619,1404,1792,1,10,8,0,1536
58_125_1.jpg,/kaggle/input/datasets/huyyuh/3500-w/vn_handwritten_images/data/58_125_1.jpg,niệm,"Đi ở""",0.9866387844085693,137,1024,0,4,2,0,1024
58_169_1.jpg,/kaggle/input/datasets/huyyuh/3500-w/vn_handwritten_images/data/58_169_1.jpg,tiên,Điền,0.9839171171188354,198,1024,0,2,1,0,1024
58_54_1.jpg,/kaggle/input/datasets/huyyuh/3500-w/vn_handwritten_images/data/58_54_1.jpg,2004,H ĐộP ưặn g,0.970384418964386,236,1536,1,11,4,0,1024
58_7_1.jpg,/kaggle/input/datasets/huyyuh/3500-w/vn_handwritten_images/data/58_7_1.jpg,hồ,tờn,0.9875975251197815,131,1024,0,3,1,0,1024
68_1.jpg,/kaggle/input/datasets/huyyuh/3500-w/vn_handwritten_images/data/68_1.jpg,Thôn Trung Thành Nam Phú Tiền Hải Thái Bình,Thôn Nhà Tang Nam Phú Văn Tửi Thán Y,0.9539103507995605,1371,1792,1,18,6,0,1536
68_11.jpg,/kaggle/input/datasets/huyyuh/3500-w/vn_handwritten_images/data/68_11.jpg,Thới Thạnh Thới Lai Tp Cần Thơ,Tuỗp Hiikh Tới ai Tp Cận Tuôi YY,0.960374116897583,1405,1792,1,16,7,0,1536
68_14.jpg,/kaggle/input/datasets/huyyuh/3500-w/vn_handwritten_images/data/68_14.jpg,Bản Cửa Rào 8 Xá Lượng Tương Dương Nghệ An,KuuhKKhĐuhn auKKaa hưaKanaKKuưn BHnahợaưaàĐaàaauaa Kuan Kaaaaaa P Đơơn,0.7697874903678894,1393,1792,1,59,10,0,1536
68_17.jpg,/kaggle/input/datasets/huyyuh/3500-w/vn_handwritten_images/data/68_17.jpg,Phú Phụng Chợ Lách Bến Tre,,0.999991238117218,1381,1536,0,26,6,0,1536
68_178_1.jpg,/kaggle/input/datasets/huyyuh/3500-w/vn_handwritten_images/data/68_178_1.jpg,cứ,cựi,0.9992674589157104,104,1024,0,2,1,0,1024
68_20.jpg,/kaggle/input/datasets/huyyuh/3500-w/vn_handwritten_images/data/68_20.jpg,Duy Xuyên Quảng Nam,Địnng Xuếc Đà Xá N,0.969658613204956,1346,1792,1,15,5,0,1536
68_7.jpg,/kaggle/input/datasets/huyyuh/3500-w/vn_handwritten_images/data/68_7.jpg,Thạch Lập Ngọc Lặc Thanh Hoá,I.494 6 Nêu,0.9600831270217896,1380,1792,1,25,6,0,1536
706_51_1.jpg,/kaggle/input/datasets/huyyuh/3500-w/vn_handwritten_images/data/706_51_1.jpg,đời,tội,0.9915149211883545,78,1024,0,2,1,0,1024
710_223_1.jpg,/kaggle/input/datasets/huyyuh/3500-w/vn_handwritten_images/data/710_223_1.jpg,tiếp,..,0.9909438490867615,116,1024,0,4,1,0,1024
78_143_1.jpg,/kaggle/input/datasets/huyyuh/3500-w/vn_handwritten_images/data/78_143_1.jpg,nguyện,nuyện,0.9892862439155579,195,1024,0,1,1,0,1024
79_11.jpg,/kaggle/input/datasets/huyyuh/3500-w/vn_handwritten_images/data/79_11.jpg,Thôn Yên Việt Đông Cứu Gia Bình Bắc Ninh,Thôn Yên Vệt Đông Cứu Gia Bình Bắc Ninh,0.9780974984169006,1387,1536,0,1,1,0,1536
79_111_1.jpg,/kaggle/input/datasets/huyyuh/3500-w/vn_handwritten_images/data/79_111_1.jpg,cụt,cụt,0.9970069527626038,132,1024,0,0,0,1,1024
79_13.jpg,/kaggle/input/datasets/huyyuh/3500-w/vn_handwritten_images/data/79_13.jpg,Vĩnh Tiến Vĩnh Bảo Hải Phòng,"T""  Bia T.. Tu gnu i",0.9487558603286743,1375,1792,1,22,6,0,1536
79_15.jpg,/kaggle/input/datasets/huyyuh/3500-w/vn_handwritten_images/data/79_15.jpg,Thôn Đoài Thanh Trù Thành Phố Vĩnh Yên Vĩnh Phúc,Thôn Goài Thanh Trù Thành Phố Vĩnh Yên Vĩnh Prúc,0.9810981750488281,1374,1536,0,2,2,0,1536
79_16.jpg,/kaggle/input/datasets/huyyuh/3500-w/vn_handwritten_images/data/79_16.jpg,Tịnh Hoà Tp Quảng Ngãi Quảng Ngãi,"Tinh Hôg Tn Quảng Nãi Qua i ?.""",0.9615548253059387,1374,1792,1,12,7,0,1536
79_19.jpg,/kaggle/input/datasets/huyyuh/3500-w/vn_handwritten_images/data/79_19.jpg,Thôn Tân Phú 1 Đinh Lạc Di Linh Lâm Đồng,Thôn Tâ Phú 1 Đình Lạc Di Linh Lâm Đồng,0.9777124524116516,1374,1536,0,2,2,0,1536
79_24.jpg,/kaggle/input/datasets/huyyuh/3500-w/vn_handwritten_images/data/79_24.jpg,Tổ Dân Phố Dộc Tây Mỗ Nam Từ Liêm Hà Nội,Tổ Dân Phố Dộc Tây Hộn Vam Từ Liâm L Tộn,0.9734214544296265,1336,1536,0,9,5,0,1536
79_6.jpg,/kaggle/input/datasets/huyyuh/3500-w/vn_handwritten_images/data/79_6.jpg,Trại Đồng Liên Am Vĩnh Bảo Hải Phòng,i Đồng Liêm An Vĩnh Bảo Hải Phòng,0.9861654043197632,1364,1536,0,5,3,0,1536
79_8.jpg,/kaggle/input/datasets/huyyuh/3500-w/vn_handwritten_images/data/79_8.jpg,Phượng Xuân Xuân Khang Như Thanh Thanh Hoá,Phượtg Huận Xuân Khanga Như Thanh n Thánh Hoà,0.9683793187141418,1363,1792,1,8,6,0,1536
7_103_1.jpg,/kaggle/input/datasets/huyyuh/3500-w/vn_handwritten_images/data/7_103_1.jpg,"trung tâm thị trấn du lịch Cát Bà... Bắt "" cá "" ở trên trời.","trung lâm thi trến, du lịch Cát, Rồng. Bắt "" cá "" ở trên trà.",0.957489013671875,1069,1792,1,11,6,0,1536
7_11.jpg,/kaggle/input/datasets/huyyuh/3500-w/vn_handwritten_images/data/7_11.jpg,Mỹ Long Bắc Cầu Ngang Trà Vinh,Xua Xớc N NuoNg TX Vnh,0.9743130207061768,1630,2304,1,17,7,0,1792
7_116_1.jpg,/kaggle/input/datasets/huyyuh/3500-w/vn_handwritten_images/data/7_116_1.jpg,Và 115 đã trở thành số điện thoại đáng tin cậy của nhiều người...,và 11ý đã trở thành số điện thoại đáng tin cậy của nhiều người...,0.9706850051879883,1192,1536,0,1,1,0,1536
7_117_1.jpg,/kaggle/input/datasets/huyyuh/3500-w/vn_handwritten_images/data/7_117_1.jpg,bên trong phòng xử rất nhanh để tránh ống kính máy ảnh của các phóng,"vên trong phòng xứ rất nhanh để tránh ống kính máy ảnh của các phón,",0.9723266959190369,1170,1792,1,3,3,0,1536
7_11_1.jpg,/kaggle/input/datasets/huyyuh/3500-w/vn_handwritten_images/data/7_11_1.jpg,vụ đông xuân.,vụ dông xuân.,0.9875913858413696,372,1024,0,1,1,0,1024
7_128_1.jpg,/kaggle/input/datasets/huyyuh/3500-w/vn_handwritten_images/data/7_128_1.jpg,nông nghiệp gặp khó khăn về nguồn nước tưới vào cuối vụ đông xuân.,"sóng nghiệp gặn, khó khăn về nguồn nước tước vào cuối vụ đông xui",0.9763818979263306,1302,1536,0,8,4,0,1536
7_136_1.jpg,/kaggle/input/datasets/huyyuh/3500-w/vn_handwritten_images/data/7_136_1.jpg,khác. Ngoài ra những chiếc xe ben ngược chiều phóng bạt,Khác Ngoni ra nhng Hước xe ngườnc chiêu phóng Lạtc,0.9503092765808105,1356,1792,1,15,8,0,1536
7_137_1.jpg,/kaggle/input/datasets/huyyuh/3500-w/vn_handwritten_images/data/7_137_1.jpg,ngờ.,ngờ.,0.996567964553833,130,1024,0,0,0,1,1024
7_138_1.jpg,/kaggle/input/datasets/huyyuh/3500-w/vn_handwritten_images/data/7_138_1.jpg,"Một thanh niên mặc đồ dân phòng chờ sẵn nơi đầu hẻm đón chúng tôi. Xe dừng,",vừi. toàn nưa vực Đà đên tròng cnờ xẵn sàng nơi đầu hẻm đón chúng tôi. Xe dừng.,0.9484471678733826,1446,1792,1,25,11,0,1536
7_141_1.jpg,/kaggle/input/datasets/huyyuh/3500-w/vn_handwritten_images/data/7_141_1.jpg,điều này không chỉ gây khó khăn cho chủ đầu tư mà cả người dân,iều này không chỉ gây khó Văn cho chu đầu tư mà cả người ở,0.9701043963432312,919,1536,1,7,4,0,1024
7_142_1.jpg,/kaggle/input/datasets/huyyuh/3500-w/vn_handwritten_images/data/7_142_1.jpg,tì này làm thành nghĩa địa Từ Thiện.,Ti này làm thành nghĩa địa tù thuận.,0.9781827330589294,753,1024,0,4,3,0,1024
7_147_1.jpg,/kaggle/input/datasets/huyyuh/3500-w/vn_handwritten_images/data/7_147_1.jpg,cứu. Buổi sáng 10 - 11 - 2003 tôi ngồi ở phòng cấp cứu 115 của Bệnh viện Trưng Vương.,cứu. Duối súng 10 - 11 - 2003 tã ngàiở phòng cấc cứu 115 của Bệnh viện Truong Vơng.,0.9512226581573486,1074,1792,1,11,8,0,1536
7_154_1.jpg,/kaggle/input/datasets/huyyuh/3500-w/vn_handwritten_images/data/7_154_1.jpg,nặng giữ người dưới biển) và nối liền với bình dưỡng khí được vận hành nhờ máy thủy (máy,g giữ người dưới biểt) và nổi liền với bình dưởng khí được vận hành nhờ máy thủy (mác,0.9729631543159485,1612,2304,1,7,5,0,1792
7_158_1.jpg,/kaggle/input/datasets/huyyuh/3500-w/vn_handwritten_images/data/7_158_1.jpg,"động được thực hiện từ tháng 8 - 2003, thời hạn 36 tháng với loại",động được thực hiện từ tháng 8.2003 thời hạn 36 tháng với loại,0.9741342067718506,1347,1792,1,4,3,0,1536
7_160_1.jpg,/kaggle/input/datasets/huyyuh/3500-w/vn_handwritten_images/data/7_160_1.jpg,"người thợ lặng người. Phía trước, hai mũi khoan chủ lực của đội khoan số 1 (Công ty","ng un thị lặng người. Pho trát, hra nữun khm chủ lực của đi khoan số 1(Công",0.9266046285629272,1105,1792,1,23,12,0,1536
7_164_1.jpg,/kaggle/input/datasets/huyyuh/3500-w/vn_handwritten_images/data/7_164_1.jpg,"tháng 8 - 2003, thời hạn 36 tháng với loại công việc là công nhân xây dựng.","84o004 -03, thời hạn 36 tháng với loại công việc là công nhân xây dựng.",0.9542701840400696,1184,1792,1,10,4,0,1536
7_172_1.jpg,/kaggle/input/datasets/huyyuh/3500-w/vn_handwritten_images/data/7_172_1.jpg,quên thân vì xã hội.,quân thôn về xã hội,0.989994466304779,533,1024,0,4,4,0,1024
7_176_1.jpg,/kaggle/input/datasets/huyyuh/3500-w/vn_handwritten_images/data/7_176_1.jpg,nhân được cấp cứu hồi sức thì bao nhiêu khó chịu cũng,"trên tược cấy cứu hồi s"" "" . thì kao ""holêu khó chựu cũng",0.9616157412528992,1347,1792,1,15,9,0,1536
7_178_1.jpg,/kaggle/input/datasets/huyyuh/3500-w/vn_handwritten_images/data/7_178_1.jpg,vào xe cấp cứu.,vào xe cấp cứu.,0.9969255328178406,495,1024,0,0,0,1,1024
7_183_1.jpg,/kaggle/input/datasets/huyyuh/3500-w/vn_handwritten_images/data/7_183_1.jpg,khách sạn Ngọc Vân 2 thì vẫn yên vị?,"xhơn  V90c Vân & a. "". Vền vị.",0.9547309875488281,812,1536,1,20,8,0,1024
7_195_1.jpg,/kaggle/input/datasets/huyyuh/3500-w/vn_handwritten_images/data/7_195_1.jpg,Họ sợ. Còn vợ chồng anh Diên thì cứ ngồi cúi đầu nơi bàn nước. Anh phẫn uất :,"K NNã Hỗn N Nn  hngh Nãmn TunS2 A Đngh á Pg S Nến-C Nảh -ã Đu S nĐn Tnnỹ ãng nh unuyĐ uễn N đi,",0.798616886138916,1560,2304,1,68,26,0,1792
7_196_1.jpg,/kaggle/input/datasets/huyyuh/3500-w/vn_handwritten_images/data/7_196_1.jpg,Và 115 đã trở thành số điện thoại đáng tin cậy của nhiều người... Theo những vòng, V5 đã trở thành sơ điện thoại đán tín cây của nhưcc ngượi... Theo nhi àg ưng,0.9274155497550964,1356,1792,1,17,11,0,1536
7_208_1.jpg,/kaggle/input/datasets/huyyuh/3500-w/vn_handwritten_images/data/7_208_1.jpg,Đang lặn thì máy nén khí bị hỏng. Năm phút sau thấy bay thợ nổi lên nhưng anh,Bạng......... cạ..2 kếc bị vảng. V. phứ sao thấy à vạ . đị rố. 20... Th,0.9119420647621155,1293,1792,1,48,17,0,1536
7_212_1.jpg,/kaggle/input/datasets/huyyuh/3500-w/vn_handwritten_images/data/7_212_1.jpg,Họ lập tức thông báo với người thân và bạn bè đến nộp đơn xin mua đất,"Thọ Rậ đắc Thiếng ưáo với người Đn hỗn s "" ặng Kắc h  Sn Kuuh iễm Đnn Tia Đn",0.8669373393058777,1311,1792,1,38,18,0,1536
7_214_1.jpg,/kaggle/input/datasets/huyyuh/3500-w/vn_handwritten_images/data/7_214_1.jpg,triệu km2 (gấp 3 diện tích đất liền : 1 triệu km2 / 330.000 km2).,triệu km2 (gấp 3 diện tích đất liền : 1 triệu km2 / 330.000 km2).,0.9786862730979919,1184,1536,0,0,0,1,1536
7_22.jpg,/kaggle/input/datasets/huyyuh/3500-w/vn_handwritten_images/data/7_22.jpg,Tt Nho Quan Nho Quan Ninh Bình,Tt Nho Quan Nho Quan Ninh Bìnhu,0.9893459677696228,1535,1792,1,1,1,0,1536
7_223_1.jpg,/kaggle/input/datasets/huyyuh/3500-w/vn_handwritten_images/data/7_223_1.jpg,lên cầu thang và đi vào bên trong phòng xử rất nhanh để tránh ống kính,lên cầu thang và đi váo biên trong phòng xử sất nhanh độ tránh ống kính,0.962217390537262,1019,1536,1,4,4,0,1024
7_226_1.jpg,/kaggle/input/datasets/huyyuh/3500-w/vn_handwritten_images/data/7_226_1.jpg,công nhân đứng ra tố cáo tiêu cực ở đường liên cảng A5 ngày xưa,Công nhân đứng ra tố cáo tiêu cực ở đường tiên cảng H5 ngày rưa,0.9682939648628235,1136,1792,1,3,3,0,1536
7_227_1.jpg,/kaggle/input/datasets/huyyuh/3500-w/vn_handwritten_images/data/7_227_1.jpg,tưới vào cuối vụ đông xuân.,Tưới Xào cuối Vụ đông xuồn,0.9729474782943726,624,1536,1,3,2,0,1024
7_232_1.jpg,/kaggle/input/datasets/huyyuh/3500-w/vn_handwritten_images/data/7_232_1.jpg,Họ lập tức thông báo với người thân và bạn bè đến nộp đơn xin mua đất xây,Họ lận tức thông báo với người thân và hạn hè đến nội đơn xin mua đất xây,0.9733675122261047,1404,1536,0,4,4,0,1536
7_233_1.jpg,/kaggle/input/datasets/huyyuh/3500-w/vn_handwritten_images/data/7_233_1.jpg,triệu km2 (gấp 3 diện tích đất liền : 1 triệu km2 / 330.000 km2).,"điện Am Gấ 3 yên xée đấc Mii, Hn Ca2 300000 km)",0.9279370307922363,1328,1792,1,35,14,0,1536
7_237_1.jpg,/kaggle/input/datasets/huyyuh/3500-w/vn_handwritten_images/data/7_237_1.jpg,"những mô hình thành công và chưa thành công, chỉ rõ những cách tiếp","thỗng mơ lành thành công và dưa thành công, chi só những cách tếp",0.9502966403961182,720,1536,1,11,7,0,1024
7_24.jpg,/kaggle/input/datasets/huyyuh/3500-w/vn_handwritten_images/data/7_24.jpg,Ấp Việt Kiều Suối Cát Xuân Lộc Đồng Nai, Ấp Việt Kiêu Suối Cát Xuân Lộc Đồng Nai,0.9778972268104553,1487,1536,0,2,1,0,1536
7_244_1.jpg,/kaggle/input/datasets/huyyuh/3500-w/vn_handwritten_images/data/7_244_1.jpg,quyền ký hợp đồng tín dụng nhận vốn vay.,quyền ký hợp đông tín dụng nhận vốn vay,0.9765368700027466,783,1024,0,2,2,0,1024
7_246_1.jpg,/kaggle/input/datasets/huyyuh/3500-w/vn_handwritten_images/data/7_246_1.jpg,"trường hợp "" không nhờ cấp cứu đã... "".","trường hợp "" không nhờ cấp cứu đã... "".",0.9769481420516968,697,1024,0,0,0,1,1024
7_247_1.jpg,/kaggle/input/datasets/huyyuh/3500-w/vn_handwritten_images/data/7_247_1.jpg,trên 1 triệu km2 (gấp 3 diện tích đất liền : 1 triệu km2 / 330.000 km2),rên 1 triệu km2 (gấp 3 diện tích đất liền : Nhiện m2 HSĐVVNnh),0.9293522238731384,819,1536,1,20,7,0,1024
7_24_1.jpg,/kaggle/input/datasets/huyyuh/3500-w/vn_handwritten_images/data/7_24_1.jpg,đang vô tư đứng bên cửa sổ nhìn xuống sông Hàn...,tang vô tư đứng bên cửa sẽ nhìn xuống sông Hà...,0.9612862467765808,723,1536,1,3,3,0,1024
7_254_1.jpg,/kaggle/input/datasets/huyyuh/3500-w/vn_handwritten_images/data/7_254_1.jpg,diện tích trên 1 triệu km2 (gấp 3 diện tích đất liền : 1 triệu km2 /,ện tích trên 1 ciệu km2 lgắp 3 ding tích đư liền : Xiiện sưi),0.9581995010375977,1074,1792,1,20,9,0,1536
7_26.jpg,/kaggle/input/datasets/huyyuh/3500-w/vn_handwritten_images/data/7_26.jpg,Ấp Vĩnh Phong Vĩnh Quới Thị Xã Ngã Năm Sóc Trăng,Ấp  Vnh Phong Vĩnh Quới Tí Xã Ngã Măm Sá Băn ,0.9613447785377502,1414,1792,1,10,5,0,1536
7_29_1.jpg,/kaggle/input/datasets/huyyuh/3500-w/vn_handwritten_images/data/7_29_1.jpg,được về nước làm việc.,về nước làm việc.,0.9853426814079285,508,1024,0,5,1,0,1024
7_3.jpg,/kaggle/input/datasets/huyyuh/3500-w/vn_handwritten_images/data/7_3.jpg,Thanh Minh Thị Xã Phú Thọ Phú Thọ,Tun Nưa Trị Yũ Thưn Tộ Tưa Trọ.,0.9619525671005249,1506,1792,1,20,8,0,1536
7_40_1.jpg,/kaggle/input/datasets/huyyuh/3500-w/vn_handwritten_images/data/7_40_1.jpg,Giải pháp tạm thời này nhằm gỡ thế bí câu thúc về tiến độ cho nhà đầu tư,Gtẻ phít tạn Hời nàg nhằm gỡ thế bí câu thác về tiếh bị ău xửa đi tổi,0.9512752294540405,1130,1792,1,22,12,0,1536
7_41_1.jpg,/kaggle/input/datasets/huyyuh/3500-w/vn_handwritten_images/data/7_41_1.jpg,"nghèo ở qui mô lớn trong nhiều khung cảnh kinh tế, xã hội và định chế.","nghèo ở quí mô lớn trong mm via kưung cảnh kinơ - tế, xã đ. "" và định chế",0.9607488512992859,1425,1792,1,16,9,0,1536
7_45_1.jpg,/kaggle/input/datasets/huyyuh/3500-w/vn_handwritten_images/data/7_45_1.jpg,buôn nhằm hạn chế kinh doanh lòng vòng làm nâng giá thuốc; lập ngân,loà àa brạạm trế hinh doanh lòng vòng làm nâng giá tuốc l gác,0.9591902494430542,1612,2304,1,21,8,0,1792
7_53_1.jpg,/kaggle/input/datasets/huyyuh/3500-w/vn_handwritten_images/data/7_53_1.jpg,""" Tội nghiệp, họ toàn là người miền Bắc... "" - một chủ quán ở đầu thị trấn nói khi",""" Tội nghiệp, họ toàn là người triều Bắc... "". mội chủ quán ở đầu thị trấn nói khi",0.966084361076355,1524,1792,1,6,4,0,1536
7_56_1.jpg,/kaggle/input/datasets/huyyuh/3500-w/vn_handwritten_images/data/7_56_1.jpg,"Tuy nhiên theo các lao động này, bảy tháng qua họ chỉ có việc làm ít ngày, không có lương, bị","y nhiên, thaơ sác Bao đông này, bảy tháng qua họ chị só việc làm ít ngày, khóng có lương. Bị",0.9517325758934021,1356,1792,1,12,10,0,1536
7_64_1.jpg,/kaggle/input/datasets/huyyuh/3500-w/vn_handwritten_images/data/7_64_1.jpg,"Bình dẫn chứng - có 109 doanh nghiệp (DN) cổ phần hóa, năm 2003 mình làm được 37.",""" ãtỡ kuứng - đó Ling đááxáct n ghặn (ĐNV cũ qi xớc, nim cX à nai kl m 7 33.",0.9146522283554077,1638,2304,1,51,20,0,1792
7_7.jpg,/kaggle/input/datasets/huyyuh/3500-w/vn_handwritten_images/data/7_7.jpg,Tân Lập Tân Thạnh Long An,SN X0 Kôn Xrun Long An,0.9753618240356445,1629,1792,0,11,4,0,1792
7_74_1.jpg,/kaggle/input/datasets/huyyuh/3500-w/vn_handwritten_images/data/7_74_1.jpg,đã được đưa về thị trấn này.,đã được đưa về thị trấn này.,0.990128219127655,671,1024,0,0,0,1,1024
7_7_1.jpg,/kaggle/input/datasets/huyyuh/3500-w/vn_handwritten_images/data/7_7_1.jpg,Cái buổi ban đầu của Đỗi là năm 1986. Sau những lần đi thu gom tôm đất do,điý Niắng đăng đườc tăn gỗ sỗ sã tăm 90%. S u những lầừn đọ đi pa đôa được..,0.9230917692184448,1771,2304,1,43,19,0,1792
7_91_1.jpg,/kaggle/input/datasets/huyyuh/3500-w/vn_handwritten_images/data/7_91_1.jpg,"(giá thuốc cùng loại ở nước sản xuất, ở các nước trong khu vực) để","giá Khuh ong huu Ở nưa cơn xiếu, ở cai nước trung knhu việ) sả",0.9524105787277222,1311,1792,1,25,12,0,1536
7_9_1.jpg,/kaggle/input/datasets/huyyuh/3500-w/vn_handwritten_images/data/7_9_1.jpg,Nhặt và gọi. Một ngày làm việc của anh Âm bắt đầu bằng việc làm quen với một anh,Thắ càọ Mt ngấy làm vọc cửa anh tênm bát đầu bằng việc làm que nười một anh,0.9471348524093628,1425,1792,1,21,11,0,1536
838_201_1.jpg,/kaggle/input/datasets/huyyuh/3500-w/vn_handwritten_images/data/838_201_1.jpg,dù,dù,0.9953083395957947,166,1024,0,0,0,1,1024
838_34_1.jpg,/kaggle/input/datasets/huyyuh/3500-w/vn_handwritten_images/data/838_34_1.jpg,container,đa hể f k tọ S8. ? ra.,0.9419170618057251,410,1536,1,20,8,0,1024
